,c1,c2,c3,c4,c5,c6,c7,c8,c9,build_count_add,build_count_mod,changesets,josm_edits,poi_count_add,road_km_add,road_km_mod,validations,waterway_km_add,acct_age,user_name,kmeansClass
0,-0.298496065,0.394026415,0.726436171,0.282696959,-0.273243147,-1.589636258,0.284527333,0.060764553,-0.003983059,1217,69,0,0,0,23.13390306,251.7611037,100,5,918,ycartwhelen,0
1,-0.321451352,0.412330352,0.703429823,0.275001211,-0.316714857,-1.600691675,0.243000534,0.012401369,-0.011329706,1589,1,422,0,0,5.81441688,11.12256168,100,0,454,Katelyn Woolheater,0
2,-0.29876718,0.291510982,0.673191839,0.317507705,-0.399850533,-1.61380954,0.3573884,-0.018130544,-0.019257677,90,12,2062,24,1,6.194216674,64.73028797,100,1,1235,miniwark,0
3,-0.266703026,0.389475629,0.70628641,0.338121435,-0.304311626,-1.563532779,0.352245434,0.104770944,-0.0673802,412,225,44,132,12,26.37505697,274.7235331,100,11,3481,Polyglot,0
4,0.231038547,1.497739605,0.088211744,0.699607074,-0.390392408,-1.084758334,1.29916148,0.177882194,-0.133311434,944,5686,1455,521,187,32.83497509,295.6971337,100,21,1443,Suthakaran,0
5,-0.300243281,0.342476565,0.760732922,0.297281853,-0.301522775,-1.575943752,0.326630411,0.075089744,-0.071950294,338,11,0,79,0,35.26022389,174.0504123,100,26,881,ArticCynda,0
6,-0.376983257,0.337327011,0.717242505,0.310442573,-0.338690167,-1.610279114,0.34127196,0.057921295,-0.054900577,0,0,264,1,0,0.508182614,0.292077911,100,0,2108,DanJSY,0
7,-0.317840408,0.384592758,0.69281442,0.2888051,-0.333353086,-1.599699472,0.294723796,0.071412225,-0.080662258,729,76,148,126,1,4.241991743,20.33613117,100,0,233,dutch_validater,0
8,-0.222924947,0.393641261,0.798550812,0.275589892,-0.20460133,-1.549491594,0.264577441,0.000440719,-0.022685303,1742,12,0,0,0,92.34653646,289.9093784,100,34,418,Nedran,0
9,0.529029193,1.028543125,0.282741186,-0.014165916,-0.505837231,-1.354468202,0.277188415,-0.023847806,-0.169752715,7816,2692,4325,1235,24,43.17803163,294.5810769,100,89,542,Eric Xavier,0
10,1.295334887,1.22850776,5.06462011,-1.255207406,-3.008772424,1.591033157,0.337838354,0.299515918,0.035421924,7933,189,0,941,1,13.09009771,607.9325369,100,3579,993,fifiQn,2
11,0.544500194,1.351164054,0.330584364,0.646175607,-0.322128592,-1.172604571,-0.179831644,0.117066574,-0.205200115,10956,1706,19,1358,168,68.91947499,446.4834169,100,32,554,chandani munasinghe,0
12,0.051730805,0.47931742,0.823449428,0.216801494,-0.068066681,-1.486945768,0.096369353,-0.11030272,-0.194397084,4295,7,0,403,0,238.1644024,174.0918337,100,54,645,Herbert oscar ngowoko,0
13,-0.168321317,0.535860711,0.700984388,0.214051493,-0.206838798,-1.565430246,0.124118533,0.030222541,0.10886215,4122,169,0,0,0,31.74081649,539.1375216,100,6,269,Ken Schafer,0
14,-0.147953067,0.598733918,0.672991107,0.201104411,-0.198878462,-1.550099105,0.153066314,0.022404757,0.113945044,4433,433,4,0,3,33.02672907,515.0466621,100,5,290,David Kewley,0
15,1.447418184,1.174763616,4.930287854,-1.215159085,-2.841801623,1.514483313,0.291517009,0.395916433,0.111727482,8598,203,0,1064,1,48.147078,1480.604405,100,3474,624,montshyqn,2
16,-0.266962347,0.261223586,0.66217859,0.317372122,-0.425447662,-1.615851153,0.37193387,-0.079152599,0.001519398,98,2,3069,0,0,16.792,53.84710811,100,4,715,SReed,0
17,-0.025965724,0.085595399,0.482258096,0.341381381,-0.718075541,-1.640467334,0.442628939,-0.405113317,0.149497877,247,25,10370,21,3,9.66298552,84.47003374,100,9,2828,eireidium,0
18,-0.017899106,0.716213866,0.539744409,0.226925074,-0.293137597,-1.492429033,0.248454334,0.099130022,-0.14912453,3867,1123,0,566,23,35.96589698,150.3268218,100,8,646,mackie dee,0
19,2.680333181,6.398795981,-2.522395023,-2.546067156,0.225553571,-0.320307121,3.382131784,0.320084793,-0.168764646,31539,28929,0,2974,23,0,9.960796168,100,0,1009,Raph Reyes,2
20,7.138948734,-0.335993697,5.805945892,-0.730320305,1.841403174,2.206065639,0.305437396,0.351052768,0.27019579,23062,608,3186,3919,14,3253.138149,18980.58016,100,3327,871,sophs74,1
21,0.369415811,0.625824531,0.608056682,0.11432793,-0.039742646,-1.431259757,0.401885363,0.151311623,-0.073011768,4208,1681,516,694,1,213.3892225,1534.857806,100,47,2453,m902,0
22,1.308117892,0.192135056,1.384748244,0.226955983,0.529283479,-1.036884347,0.249793887,-0.005288853,-0.459098655,5141,265,0,1468,10,888.852666,3212.309324,100,367,1010,PaulKnight,0
23,0.386529152,1.186288478,0.456752706,-0.104912394,-0.214578059,-1.482123352,-0.764675705,-0.091947121,0.043814989,16378,273,0,983,4,10.72725316,159.438919,100,9,934,mariobelseran,0
24,-0.305641605,0.289707038,0.664409791,0.312147692,-0.418693434,-1.619291398,0.353685403,-0.039940358,-0.012850379,144,0,2355,9,0,0,0,100,0,646,dickies,0
25,0.068348059,0.453944379,0.798775899,0.212530128,-0.149981302,-1.489046544,0.102474507,0.029834045,-0.118807488,3965,22,0,468,0,165.4148908,630.2767622,100,67,646,bIN Tuji,0
26,0.271668468,0.795185396,0.687523059,0.142624386,-0.030365106,-1.360331859,0.33730262,-0.052309781,-0.172869847,5377,1682,0,550,18,257.889739,505.590413,100,83,645,lucyalice,0
27,-0.030282564,0.238209144,0.612226236,0.283043717,-0.531104579,-1.580878762,0.311679742,-0.222841311,0.037192485,1526,15,6155,186,1,47.51602451,184.6805244,100,40,3069,Sparks,0
28,0.110518444,0.617273528,0.690139389,0.156565388,-0.05860056,-1.466265446,0.311457815,-0.054831382,-0.224633313,3837,1082,0,499,1,230.6072519,229.0657884,100,35,645,MGAZA ABDALLAH,0
29,-0.192455396,0.42837382,0.656335036,0.2514795,-0.348896501,-1.585230672,0.206622691,0.013188357,-0.04662123,2271,101,1164,223,1,16.0625974,117.9879317,100,7,712,Blarneystone,0
30,-0.324563265,0.319693448,0.681551036,0.30581427,-0.385677294,-1.61421164,0.335144484,-0.001298254,-0.030310198,284,6,1505,22,0,0,0,100,0,1185,Raretrack,0
31,0.756834491,1.5698609,0.34283694,-0.295662427,-0.117042681,-1.417155144,-1.221257146,-0.192495127,0.073498412,23666,522,0,1410,5,50.25485705,225.0980119,100,11,960,PutriRachiemnys,2
32,0.007334661,0.554261325,0.596313071,0.187570635,-0.262400482,-1.556588283,0.093412779,0.170368904,-0.032687612,4322,398,0,536,2,19.85571241,769.4984695,100,0,419,Nodes&Roads,0
33,-0.204314099,0.231186332,0.58521728,0.310026668,-0.530160271,-1.626638197,0.405630231,-0.167663778,0.038023687,137,116,5234,26,0,0.432633831,3.664191287,100,2,3547,seav,0
34,2.15306581,1.530448493,0.557680668,-0.080486576,-0.061353834,-0.889917486,-1.188297745,-0.076646416,0.098890851,26931,1213,4864,2647,89,417.3791294,3451.105677,100,335,1594,YalCat,2
35,-0.339497123,0.432589322,0.703964089,0.269441836,-0.308118774,-1.597497794,0.260869315,0.039213331,-0.020606868,1462,87,0,0,0,0,2.224931038,100,0,184,Marie-AndrÌ_å©e Drouin,0
36,-0.033981114,0.137299135,0.65755954,0.335549364,-0.418919862,-1.589148324,0.43410759,-0.273568919,0.002541027,159,14,6202,75,0,132.3079671,251.7645158,100,23,4130,robert,0
37,1.036183815,1.770757985,0.350919362,-0.406517101,-0.121915706,-1.251458975,-1.034159463,-0.078508447,0.115639892,24532,1755,0,1618,12,78.22071379,913.5596647,100,120,486,David Rule,2
38,0.686978215,1.237394945,0.505419117,-0.190113425,-0.142573571,-1.398011363,-0.86041516,-0.15316312,0.004917567,18553,398,712,1270,0,117.5222346,493.1329867,100,69,1865,Adhitya Dido,0
39,-0.352042255,0.33251003,0.7218772,0.316557214,-0.317754753,-1.605444066,0.339073989,0.091175424,-0.054754023,0,2,18,37,1,6.989973462,147.0592036,100,0,3245,MKnight,0
40,4.411715757,0.636293668,0.314869232,-0.375947509,0.911270834,-0.931430824,-1.067904325,2.308885341,0.897063056,26995,2319,0,5215,0,587.8398615,16582.83527,100,258,809,armasari,2
41,-0.3764987,0.346062673,0.733097578,0.305325772,-0.335769926,-1.600863242,0.336312648,0.074123752,-0.060625294,37,0,1,13,0,0.299763355,15.44766447,100,9,1866,mueschel,0
42,-0.364296863,0.378894452,0.717865135,0.293879149,-0.319119877,-1.60503764,0.294913759,0.056991539,-0.039421071,687,2,0,0,0,0,14.40910342,100,0,134,kabelo jaba,0
43,-0.336205759,0.315555202,0.690620717,0.310094486,-0.375820596,-1.614068945,0.343277677,0.011975368,-0.033532632,128,0,1281,12,0,1.043496366,16.3049906,100,0,3902,Russ,0
44,10.7370482,-2.917454231,4.069690641,1.141274395,9.0931269,0.554258522,1.529298713,0.126179497,0.249333162,18226,1665,0,4370,6,6734.902125,35526.65742,100,566,426,tonybendell,1
45,0.06684633,0.370296584,0.611154741,0.404717711,-0.326064916,-1.51367219,0.323835362,-0.041396876,-0.022031474,1888,366,3387,355,32,108.1913324,717.0756555,100,13,2372,bgirardot,0
46,3.125147917,1.637085673,0.713238866,0.689695718,0.827845696,-0.480599006,-1.030955772,-0.447105589,-0.309163454,28592,1809,4969,3212,248,1187.992905,4608.99884,100,304,645,amour_nyl,2
47,0.157967925,0.272570303,0.84894731,0.292817338,-0.265235826,-1.444549082,0.294474368,-0.052798786,0.050868946,2261,29,3132,240,8,179.902209,1178.442628,100,127,2026,ninjamask,0
48,-0.137529044,0.309016492,0.575547996,0.343735321,-0.470028694,-1.59025354,0.394762009,-0.15492491,0.074995794,931,303,4906,21,13,21.74625661,223.0016448,100,0,944,CourtneyMClark,0
49,-0.113802139,0.491297558,0.834700713,0.230228993,-0.16572205,-1.475377547,0.30096351,-0.022072599,0.004935062,2656,409,0,0,3,132.4200064,448.8233114,100,81,245,SrinathS,0
50,4.776915274,1.749422269,9.387597415,-2.799352981,-5.680502376,5.185673582,0.495885438,0.256224469,-0.190887716,18247,1269,11324,3825,32,599.1466137,3867.074402,100,7410,796,tshedy,2
51,-0.163317635,0.423316656,0.676566664,0.268318526,-0.317374787,-1.574181222,0.189290342,0.044367378,-0.01806392,2446,46,893,218,4,24.90802564,343.1232779,100,11,2650,tgertin,0
52,0.294364237,1.496447442,0.157260571,0.089844686,-0.246895778,-1.279667306,0.656663235,0.116421779,-0.098811819,7188,4592,1,736,68,22.42794861,154.5034298,100,7,744,paul evance,0
53,0.169569179,0.642168423,0.59022332,0.115214806,-0.271710296,-1.493834662,0.073040172,0.093521063,-0.181190217,5397,711,505,845,1,84.36147512,456.8076564,100,41,2724,tekim,0
54,0.145486944,-0.090115135,0.332039069,0.353875055,-0.970654775,-1.677505159,0.520360418,-0.691172572,0.264773093,7,7,16605,11,1,1.775933489,29.35672145,100,8,2679,Hjart,0
55,1.36542086,1.064783755,2.097961852,-0.439659631,-0.740413554,-0.323405581,-0.344362864,0.213283001,0.111250701,14737,538,0,1409,12,290.5086487,2719.819014,100,1240,707,GeoFrizz,2
56,2.340265536,0.57923746,0.639384468,-0.177862006,-0.358967533,-0.934550722,0.036547415,0.139878165,0.215248074,13710,2333,12041,2541,14,469.2286607,5598.408291,100,475,1441,RAytoun,2
57,0.5424663,0.399885284,0.745719844,0.199504576,0.04021058,-1.467454602,-0.017404188,0.155492273,0.323323812,7179,85,1824,441,1,218.5910889,3016.683694,100,53,1924,mzve,0
58,-0.206713253,0.665920757,0.669542076,0.16368788,-0.24659519,-1.571440254,-0.04261333,-0.065227737,0.100574022,6114,59,0,0,0,0.608748196,2.062362462,100,0,134,olebogeng,0
59,-0.244113242,0.601030514,0.680138126,0.192792817,-0.265213954,-1.577924978,0.042744297,-0.035753533,0.066630551,4809,68,0,0,0,0,0.461365398,100,1,134,Pearl kgotla,0
60,0.208611338,0.288689466,0.860236659,0.296393175,0.051622634,-1.481374981,0.281638481,-0.022469062,0.136508899,3147,110,1415,55,2,279.7825339,1805.932941,100,53,2204,Dirk V,0
61,-0.328117972,0.453689749,0.700142307,0.259859761,-0.30293577,-1.594967534,0.237521178,0.030569837,-0.010601565,1849,95,0,0,0,0,1.233044301,100,0,134,Kutlo Oduetse,0
62,-0.188662846,0.357261074,0.636627656,0.322496557,-0.407160953,-1.589674503,0.261057611,-0.066370516,0.017275554,1657,20,2795,102,10,14.9371164,153.8047986,100,3,1868,Dewi Sulistioningrum,0
63,0.650948878,-0.22978123,0.329678967,0.271520075,-1.315473319,-1.544799217,0.532419884,-1.132612833,0.394662601,1892,59,25221,205,0,85.41205948,173.1221568,100,172,3083,LLAQWA,0
64,-0.280429898,0.40289084,0.670490007,0.274343004,-0.354291421,-1.600148096,0.255174688,0.00710571,-0.028907079,1522,66,1017,87,1,2.299136337,15.9461405,100,0,2159,Adityo,0
65,0.21151942,0.155629917,0.678714577,0.321535401,-0.232236638,-1.552203605,0.358291664,0.272559777,0.262886396,1242,176,2815,292,2,76.07628888,2627.04985,100,30,2146,michael63,0
66,4.640786921,1.15277414,6.997152123,-2.395665661,-5.684336094,3.734655275,0.189910507,-0.207943617,0.222067946,19049,892,27481,4099,6,213.5049768,3955.504799,100,5981,1155,DeBigC,2
67,12.58303038,-5.412660026,-3.430288712,0.614136175,-3.614622798,-1.513145508,0.400367928,-0.36638863,-0.433973094,6053,263,124918,16710,5,1675.740635,26426.10582,100,116,990,RichRico,1
68,2.514121392,1.266209205,0.331187365,-0.461343691,0.015456592,-1.119132645,-1.391307737,0.448030247,0.131073759,27914,1039,4089,3547,0,333.6598165,5526.767103,100,231,707,Fatisya Ilani Yusuf,2
69,0.123762764,0.620510881,0.679228394,0.15389538,-0.164576435,-1.513779168,-0.117086143,0.006434532,-0.091491746,6837,38,0,611,2,118.2953849,471.2700425,100,26,328,ForrestLM,0
70,5.673722273,0.817956345,4.413307027,-1.031596464,0.851365854,1.892068544,1.9513833,-1.984581046,-0.596049422,17186,7147,19605,2332,20,3077.614772,7198.256351,100,2916,2264,bdiscoe,2
71,3.514049974,1.18864324,1.026011687,0.015918796,1.780122225,-0.790333967,-1.526712443,-0.948320235,0.309859749,36060,223,6441,2207,69,1619.131515,6731.543135,100,191,2309,Palolo,2
72,0.901281484,-0.695222291,-0.219370231,0.408442229,-1.818816606,-1.782704148,0.763939788,-1.756976714,0.707126469,197,21,39556,37,0,23.97646785,104.5333563,100,5,2768,CloCkWeRX,0
73,-0.317491239,0.302740389,0.676469372,0.310626242,-0.397393699,-1.616368466,0.347943201,-0.018510221,-0.024352749,160,2,1867,13,0,2.254778944,1.839393519,100,0,1865,wulankhairunisa,0
74,1.716680967,3.88247461,-0.072028999,7.906138343,-0.843545443,1.37590824,-0.730844473,0.08101319,0.201106198,16468,844,1658,1423,1783,250.8163201,2328.314146,100,44,1238,Giblet,2
75,0.884341695,1.584834431,0.202629571,0.18647803,-0.283469857,-1.165178332,-0.27081705,0.195040064,-0.226856321,14884,2785,0,1878,109,72.28376177,846.7662702,100,68,751,elia dominic,2
76,3.901307706,2.20875689,0.10638095,-0.980558368,0.509354239,-0.863608276,-2.599309041,0.858662348,0.301553764,47057,1945,0,5288,2,456.9728605,8461.502281,100,281,1865,Tri Selasa,2
77,0.126412634,0.206030719,0.898600312,0.310510979,-0.095408698,-1.468123268,0.359916111,0.217367674,-0.019202756,683,31,10,365,1,200.0870984,1794.807833,100,98,751,funk_soul_brother,0
78,-0.193119463,0.344639581,0.679472322,0.289781668,-0.355799632,-1.588497932,0.269516437,-0.008115013,0.017119674,1498,16,1933,97,2,25.30906367,327.7559251,100,12,1757,Super-Map,0
79,0.225955291,1.086308909,0.381408572,1.251288553,-0.496970573,-1.12291631,0.237472952,0.04509243,-0.091446065,4528,1324,2191,694,257,33.24255372,339.9653561,100,14,751,innocent maholi,0
80,7.75396233,15.92897854,-7.388270652,-5.756027543,0.919211577,1.960329433,6.744163582,0.002258034,0.233870465,91345,69599,6177,7059,308,54.08714442,122.3694409,100,7,3061,schadow1,2
81,-0.053882838,0.451160403,0.672688608,0.23201679,-0.198689047,-1.542719095,0.310384277,0.092972458,-0.159263696,1885,549,1,439,0,110.2876334,443.3538414,100,11,2559,Boggedy,0
82,0.953233817,1.616331463,0.44512696,-0.331058882,0.141286566,-1.379358942,-1.411322499,-0.393647276,0.099068053,26703,232,0,1341,1,223.7325346,367.3637066,100,14,333,John Peeters,2
83,3.182814009,2.813642052,-0.38247977,-1.147688418,0.018178629,-1.081607883,-2.834754285,-0.725757741,0.493937342,53945,2401,10522,3750,2,302.6396593,2816.494474,100,94,1182,rivw,2
84,4.208794795,-0.657428778,2.897164133,0.616531964,2.414818059,0.040571505,0.921827077,-0.453582726,-0.213235927,7569,704,5179,1866,75,2685.497406,11541.74534,100,1031,977,hebolz,2
85,1.449690854,0.067754363,1.191256401,0.123339976,-0.043722538,-1.031212869,0.441716885,0.375905111,-0.020472811,3550,852,4249,1601,1,543.9493605,4915.896773,100,467,492,jharps,0
86,0.08252862,0.452625493,0.620671923,0.363533316,-0.299678149,-1.515098101,0.126689482,-0.041828693,-0.069504006,3700,94,2438,491,30,104.9223955,512.1839681,100,10,912,Leonmvd,0
87,0.269956775,0.263980837,0.583112653,0.28448864,-0.29031184,-1.559394072,0.217186071,0.076593831,0.118847449,3095,178,4093,519,5,100.6866721,1766.787851,100,8,2374,russdeffner,0
88,0.036158208,0.136783735,0.559310258,0.312188034,-0.537237272,-1.60251739,0.437114169,-0.170491958,0.113673949,379,191,7231,172,0,45.83053264,739.5366934,100,21,3318,Tallguy,0
89,-0.369121354,0.347886548,0.734100717,0.30320468,-0.335781207,-1.598371956,0.334240484,0.072205823,-0.05887293,98,5,39,17,0,1.897078743,26.67992947,100,11,2936,cucu,0
90,1.752793294,1.209127119,0.296720146,-0.254156419,0.102449987,-1.320471919,-1.231498911,0.472529836,-0.039205559,23241,604,0,2939,7,235.7418337,3944.454696,100,49,93,MutyAfadila,2
91,1.22049307,1.522882176,0.302290757,-0.301877356,-0.106957347,-1.34360145,-1.369260303,0.053413354,-0.081413686,24915,480,1,2308,13,111.1442488,1327.626408,100,50,751,Nuru Kalulunga,2
92,0.227383345,0.869634718,0.4507055,0.580565582,-0.48674608,-1.336831628,0.036429047,-0.012776797,-0.077595547,6352,848,2770,789,113,15.77294327,247.6425418,100,39,1668,Ramadyan,0
93,2.734235978,2.692228972,-0.081292128,-0.684213297,0.278341553,-1.050153932,-2.929834573,-0.201249509,-0.267648058,48272,980,0,4395,61,375.7605155,1857.360143,100,50,645,Hawa Adinani,2
94,-0.14686115,0.325258449,0.594532069,0.272244957,-0.463133328,-1.612324996,0.241109658,-0.083704452,-0.050373813,1667,0,3508,280,0,10.41909229,4.53421811,100,0,645,iddi_chazua,0
95,3.879335625,2.076953434,0.283512191,-0.137474574,1.206792449,-0.745115348,-2.365905949,-0.07194437,-0.6627103,43082,1225,0,5282,128,1187.927405,5332.13539,100,100,751,tonny john,2
96,1.674339707,1.476950863,0.173663847,-0.390114784,-0.072967995,-1.313633659,-1.364803827,0.329904379,-0.293537587,25167,975,0,3269,4,173.8497881,2376.621391,100,53,92,Adriansyah,2
97,8.216602832,-2.781993735,2.963756847,1.798524886,7.096271583,-0.056673097,2.222806214,1.075637765,0.816878173,2243,2180,26,2895,108,5038.79811,32229.55771,100,178,2737,Johnwhelan,1
98,4.21808474,2.731629467,-0.109308456,-1.221581709,0.749266822,-0.726714694,-2.250086572,0.696397921,0.18900731,49716,4624,0,5448,2,615.9826966,8140.260577,100,273,212,DaryR,2
99,0.392020426,1.103166124,0.539652458,0.565692617,-0.517763336,-1.128943245,0.156457363,0.242809761,-0.295441312,6144,1753,0,1304,139,30.93194059,390.0721285,100,172,405,Ms Kiara,0
100,4.24534463,2.62453414,-0.477108174,-0.308617668,0.300864839,-0.544568887,-1.344471268,0.265076013,0.142832103,41598,6091,9412,5139,176,655.4893835,7334.898141,100,213,644,kombe1207,2
101,0.660490993,2.026027735,0.134468955,1.646007723,-0.415682637,-0.702681169,0.254712724,0.144497324,-0.112711833,10080,3689,0,1129,418,62.98197305,524.4652839,100,52,1386,gafuri,2
102,1.247277366,1.505347461,0.347231374,0.023676854,0.162430576,-1.207052569,-0.72522647,-0.073314236,-0.230848464,20085,1763,0,1995,69,353.7061583,1304.283645,100,33,751,Naomitall,2
103,1.027659211,0.712211514,1.986770804,-0.315665162,-0.984171869,-0.46871669,0.103106285,0.004998596,-0.038905018,8265,546,3642,1134,2,253.7849084,1568.596331,100,1169,1156,Lineo,0
104,-0.281199961,0.295723416,0.737163818,0.311025736,-0.370642991,-1.580273529,0.365316672,-0.0235081,-0.032947299,110,3,1697,9,1,35.43698885,85.38787705,100,31,1436,kingrollo,0
105,1.300533169,0.475044432,1.135482717,0.100963957,0.546083094,-1.140637577,-0.046359489,0.066321636,-0.015568978,10148,514,0,1154,4,703.4923937,3925.967303,100,256,2331,zwombie,0
106,0.566198332,0.629516728,0.835423035,0.105454106,0.058845373,-1.35209706,-0.077222441,0.024663473,-0.090932995,8302,422,0,866,4,321.5686798,1583.834154,100,129,675,Ed Tha,0
107,-0.155400986,0.508301415,0.707089181,0.237942348,-0.207560061,-1.545080098,0.222820146,-0.016471988,-0.10171304,2830,323,14,208,3,94.50017121,51.03402142,100,13,2657,AndrewBuck,0
108,0.887177192,1.812302772,0.151679825,1.236409412,-0.495784185,-0.90801438,-0.597765589,-0.069176515,-0.073916523,16698,1539,2607,1601,328,45.00917244,403.5925781,100,38,1865,Febrina Dewi,2
109,2.36993494,7.02017616,-0.723577432,16.73085954,-1.782672789,4.532814063,0.359979357,0.016135264,0.007691606,7253,3844,3062,1111,3743,438.2413844,1621.969276,100,89,751,johanespeter9,2
110,0.813702775,0.187650683,1.222666232,0.965261322,-0.893160596,-0.808398014,0.604024391,0.055529363,0.416994763,22,127,9734,388,176,167.3169184,3357.757732,100,594,3449,Claudius Henrichs,0
111,0.08308287,0.15581954,0.935324545,0.361992386,0.059778931,-1.488045286,0.442925497,0.081343419,-0.049176078,7,13,0,146,1,301.3972209,1584.064036,100,60,1223,rwst,0
112,0.473082374,0.335857945,0.70387585,0.379086765,0.032334402,-1.453571069,0.201365917,-0.009221129,-0.125973934,3906,277,2203,756,27,342.2420434,1678.684204,100,15,2352,pedrito1414,0
113,0.299487886,0.440971468,0.630147467,0.355261652,-0.192804877,-1.459332407,0.249085452,-0.050604118,0.034418084,3967,554,3417,461,32,189.7057228,1293.373002,100,32,2252,Marion Barry,0
114,1.499275577,-0.339935559,1.203813359,0.436510813,0.682100056,-1.220228627,0.580525811,0.053184018,-0.083148752,1279,96,4398,1124,4,953.4125856,5397.889405,100,202,915,Daniel Specht,0
115,-0.709289743,-0.14893975,0.05977482,0.043907007,-0.072732739,-0.301821862,0.139113461,0.076449351,-0.041701716,107,29,10,72,0,9.785768438,111.0412588,50,2,2853,Ben Abelshausen,0
116,-0.598564365,-0.092045517,0.067288522,0.011366415,-0.006871279,-0.272660964,0.083590942,0.038916612,-0.053888263,1354,122,0,156,0,59.69286665,194.9420127,50,11,450,alexander ballard,0
117,-0.660275224,-0.066263734,0.032141859,0.004107054,-0.074528084,-0.296403761,0.020513323,0.048702975,-0.043203261,1676,6,0,160,0,3.72429757,7.876494437,50,0,3263,reg111,0
118,-0.703641483,-0.150518192,0.045561119,0.04228145,-0.090834302,-0.305831789,0.137490336,0.046418939,-0.024166078,233,33,477,50,0,6.218498474,79.71354556,50,0,890,RussWinch,0
119,-0.316944345,0.422667099,-0.238355576,0.05150642,-0.143483233,-0.045975166,0.556327236,0.149386795,-0.134611288,1411,2905,849,557,62,23.39259223,237.6290232,50,54,463,sauri jayakody,0
120,-0.622412903,-0.220498376,0.022828977,0.057678659,-0.116554883,-0.311456341,0.162444528,-0.006011987,0.061608148,235,0,2098,0,0,17.50551737,379.0866336,50,0,1533,Choquette33,0
121,0.155710273,0.69106539,-0.278791267,-0.062485447,-0.013125812,0.047144774,0.087434902,0.00973896,-0.035348568,8569,2811,1835,926,71,119.3254871,755.1285062,50,80,542,maheshika,0
122,0.23758669,0.189987941,-0.015308117,-0.184058653,0.334730517,-0.137490406,-0.318065763,0.138461646,0.070457797,9289,684,0,915,0,245.2259364,2164.653374,50,34,433,Jean-Yves Longchamp,0
123,-0.246299072,0.043091436,1.363690626,-0.342872887,-0.608490064,0.59422045,0.21351092,-0.019910561,0.02277317,2082,16,0,0,0,146.5854781,302.9402855,50,981,301,Alyssa Young,0
124,-0.65471924,-0.141300347,0.046369735,0.036061835,-0.047467042,-0.295398294,0.147824158,0.103303451,-0.027891945,298,137,0,117,0,19.94282377,320.5417321,50,0,808,Jamie2483,0
125,-0.735391404,-0.153855154,0.051392437,0.046984283,-0.099630347,-0.309301198,0.146545751,0.036680714,-0.021900146,57,12,463,7,0,0.11015231,1.593420179,50,0,803,Pierre Mirlesse,0
126,-0.730983931,-0.131241448,0.060979162,0.040009365,-0.073710997,-0.304597685,0.11997002,0.053110468,-0.031490718,353,2,0,28,0,5.272542098,15.35270605,50,0,549,ericao,0
127,-0.56115473,0.096040142,-0.053802281,-0.010009518,-0.059596873,-0.240124394,0.126921691,0.068795012,-0.04688434,2233,804,31,248,13,10.86652751,93.42423052,50,2,535,Eranga123,0
128,-0.664952751,-0.107647256,0.046605308,0.019989507,-0.077143965,-0.292989367,0.079109005,0.071555429,-0.058456208,899,34,0,164,0,10.53230124,77.10772785,50,6,375,Speedy55,0
129,-0.527879846,0.113064768,-0.033046264,-0.082186177,0.001716558,-0.25119613,0.056856611,0.008675526,-0.037584365,3297,732,0,225,0,44.17229535,49.71624059,50,1,461,Richard Ruh,0
130,-0.725783562,-0.139078015,0.065676887,0.04378984,-0.060208211,-0.302990227,0.138908459,0.058989418,-0.014760722,238,32,0,0,0,10.24556963,103.2517568,50,0,292,Bradley Buffett,0
131,-0.099718923,-0.017677189,0.037091881,-0.060440813,0.195253703,-0.204052227,-0.128406615,0.14905433,0.030717617,5175,272,63,616,1,170.78331,1623.963309,50,22,3265,ErikJ,0
132,-0.602748438,-0.138564235,0.193929868,0.004407328,-0.093517394,-0.202653787,0.142387786,0.064518866,-0.078281701,404,43,0,163,0,57.38185498,184.3145408,50,101,509,Blueheron,0
133,0.029903452,1.61092992,-0.997191435,-0.744995217,0.033589466,0.1151118,1.825671976,0.28672134,-0.196200541,2715,10417,0,787,14,0,1.933020354,50,2,379,Tin To Sawa,0
134,-0.743537599,-0.140073833,0.060393948,0.044158861,-0.083626349,-0.307029629,0.132482264,0.059625308,-0.035805692,132,1,1,26,0,0,0,50,0,871,Michael Ring,0
135,-0.652751308,-0.177191207,0.053500683,0.037250617,-0.137219245,-0.288306621,0.149548779,0.001823493,-0.023979186,219,25,1414,84,0,16.27701145,72.27234564,50,23,2361,RustyB,0
136,-0.659048334,-0.133991776,0.084626743,0.035712847,-0.022487268,-0.284651645,0.112492891,0.034461091,-0.055246751,657,16,0,85,0,51.49654746,110.9043675,50,9,1077,Sarvihepo,0
137,0.294985954,1.653791798,-0.754171213,-0.680308194,0.100095324,0.059643307,0.08021651,-0.032642201,0.060076938,16619,6013,0,1051,30,0,0,50,0,392,jobrianne,0
138,-0.558462173,-0.13722814,0.019239892,0.014801,-0.096789555,-0.282657155,0.097170751,0.006822444,-0.077621281,1053,109,1296,265,0,45.14083851,116.7308289,50,12,967,bluestarfish,0
139,-0.658266645,-0.103094477,0.06405739,0.025020734,-0.017807366,-0.291072819,0.091207079,-0.002040647,0.002824449,1258,56,332,0,0,43.77793392,125.1451806,50,0,654,litlplastkastl,0
140,-0.560307361,-0.060060154,0.164138396,-0.027437745,-0.06472236,-0.204740625,0.036929426,0.024571441,-0.052095691,1967,37,3,182,0,60.14615885,142.2875999,50,88,1205,anders_ar,0
141,-0.279666249,0.005207042,1.254790681,-0.302373706,-0.859517782,0.58823866,0.338009052,0.035706919,0.114854939,707,264,2025,0,10,20.09561256,411.812563,50,994,798,Fifi1984,0
142,-0.693764634,-0.145203383,0.048438166,0.039894655,-0.082501289,-0.30472871,0.117753579,0.044072512,-0.019023553,459,3,440,54,0,9.282122355,101.809932,50,0,928,Lisa Marie Owen,0
143,-0.402690746,0.149259359,0.062619213,-0.088871747,0.198661834,-0.231294588,-0.169872465,-0.127975776,0.124251832,6374,263,0,0,0,139.5208641,452.4011535,50,1,174,roosjes,0
144,-0.599435369,-0.138039396,0.069089202,0.023885071,-0.085723659,-0.271830706,0.086532861,0.083817227,-0.016354881,943,13,452,175,1,19.55562555,356.8101804,50,28,2474,JasonWi,0
145,2.158390008,-0.196099386,0.804849853,-0.121921975,1.99375651,0.353309886,-0.398758793,-0.33521355,0.225673918,16827,410,1365,1185,2,1516.230627,7250.469486,50,249,1631,twirth,2
146,-0.73998293,-0.119592162,0.059663133,0.036104072,-0.075731887,-0.304641512,0.116880907,0.047544708,-0.017925514,467,17,0,0,0,0,0,50,0,134,Masedi Masisi,0
147,-0.657069853,-0.151025799,0.103544534,0.03741559,-0.041464522,-0.274219344,0.130476574,0.04957148,-0.052584716,383,6,45,88,0,47.59977551,161.5309573,50,24,3016,StefanNoebel,0
148,-0.662149333,-0.128652644,0.017684044,0.024839307,-0.114574134,-0.300958972,0.104407728,0.109165785,-0.128201266,302,75,0,304,0,0,0,50,1,346,Ajit Bhatta,0
149,-0.644653542,0.083514019,-0.00252357,-0.057768643,-0.034884851,-0.271657052,0.046753022,-0.001351897,0.049485495,2969,500,0,0,0,0,1.67336302,50,1,134,victoria khimbele,0
150,-0.752229322,-0.144394127,0.064250475,0.047243223,-0.08200004,-0.307732334,0.140972388,0.057599381,-0.030122665,37,0,0,3,0,0,1.078464591,50,0,1524,latte_oz,0
151,-0.438610355,0.242571979,-0.141504154,-0.152180269,-0.02717627,-0.210921109,0.245473574,0.102710396,-0.060997841,2954,1732,0,387,1,22.10327389,229.74241,50,9,338,Mr_Callaghan,0
152,0.065470205,1.762998034,-1.014024127,-0.619957688,0.053340112,0.179830845,1.738105128,0.232699676,-0.110846399,4362,10464,0,677,50,0,14.66160853,50,0,392,Jam_NOAH,0
153,-0.735243099,-0.135333753,0.058305287,0.04132891,-0.081615194,-0.306479503,0.126035867,0.048435259,-0.013374591,325,5,155,0,0,0,36.71987435,50,0,378,MorelletG,0
154,-0.403573509,0.551763564,-0.067184521,1.696387563,-0.178516159,0.310499187,-0.031580093,0.010543039,-0.034944359,2417,45,172,210,378,74.2705662,160.8631872,50,2,330,Yang1026,0
155,-0.657439492,0.028566841,0.035017802,-0.031187077,-0.037972098,-0.287424441,-0.060666055,-0.015081602,0.056333423,3299,39,0,0,0,0,0.886667656,50,0,134,Michelle Pampiri,0
156,-0.726136988,-0.141591506,0.063145067,0.041996036,-0.079592966,-0.301046668,0.140649658,0.065932305,-0.042671322,100,32,0,50,0,6.307290263,39.30473374,50,4,899,TimHarris,0
157,0.28160931,1.607222757,-0.963185022,-0.202168714,-0.070543485,0.281981451,1.520420792,0.151682767,-0.104420534,4681,9297,2584,909,125,49.1728979,398.593526,50,30,2128,DenisCarriere,0
158,-0.645606712,0.060736176,0.019619557,-0.046244134,-0.033187635,-0.280801002,-0.040714331,-0.016198238,0.060855664,3448,197,0,0,0,0,1.354829851,50,0,134,lorato dithole,0
159,-0.528952193,-0.081816526,0.101636781,0.0069148,0.07756362,-0.261491229,0.020433904,0.040322865,0.098302904,2562,28,0,0,0,78.30806565,728.8401938,50,14,1029,JoshuaKGarner,0
160,-0.619288215,0.096508764,0.023575869,-0.062082461,-0.020522447,-0.279465713,-0.14151751,-0.043397179,0.090655642,4595,51,0,0,0,0,3.604959894,50,0,134,Anatasha Dirorimwe,0
161,-0.598048669,-0.208114988,0.003127665,0.116981287,-0.165917011,-0.285161666,0.183359503,-0.10773537,0.005177057,137,38,3141,40,14,40.67060638,42.52748391,50,6,3264,Derick Rethans,0
162,-0.484227309,0.185149081,-0.22110118,0.026599025,-0.143770788,-0.179942439,0.575768903,0.005343188,-0.029297931,93,2286,2426,174,32,19.26274876,89.26298362,50,1,2324,Jorieke V,0
163,-0.746452327,-0.149532145,0.065273943,0.048403434,-0.081497033,-0.306920251,0.144367609,0.064190822,-0.025080177,0,1,16,5,0,0,45.2785652,50,1,1908,Patchi,0
164,-0.575628352,-0.274141195,-0.030947302,0.058413106,-0.243930151,-0.317274614,0.198291673,-0.155242443,0.055195411,42,11,4642,24,0,17.50247358,79.68691225,50,9,4068,Harry Wood,0
165,-0.343270316,-0.06955547,0.399367358,-0.06401642,-0.129086683,-0.01521056,0.083534872,0.089335581,-0.059462017,2003,111,41,352,6,118.657815,667.6187394,50,274,838,Athalis,0
166,-0.670391667,0.001871275,0.040975042,-0.019070685,-0.043708042,-0.290871195,-0.037878902,-0.005151595,0.045675585,2867,12,0,0,0,0.094844456,6.361532958,50,0,134,Kgoroebutswe Tefo,0
167,-0.650941802,0.037961072,0.035781698,-0.035338545,-0.034856449,-0.287009692,-0.085375784,-0.022029998,0.063564288,3585,5,0,0,0,0,0,50,0,134,victor kesiilwe,0
168,-0.665176203,0.013349355,0.038579742,-0.024230643,-0.041324982,-0.289435052,-0.048082816,-0.00996298,0.049794005,3054,22,0,0,0,0.144824551,0.94501405,50,0,134,DenisMaja,0
169,-0.666005642,0.01141097,0.034303679,-0.02380967,-0.042064736,-0.288203271,-0.021381175,-0.001515747,0.047154739,2837,89,0,0,0,0,19.84189026,50,0,134,Tebogo Mangole,0
170,-0.583063444,0.127660036,0.025286917,-0.076094121,0.010957952,-0.271397251,-0.178172861,-0.068601956,0.103021186,5291,66,0,0,0,17.19475242,29.72058111,50,0,134,Segomotso Innocentia Sekgweng,0
171,-0.676537907,-0.006081042,0.041233448,-0.015424929,-0.046681528,-0.291584782,-0.021733649,-0.001039084,0.039411997,2657,27,0,0,0,0,0.250941244,50,0,134,Tabaka Tshebo,0
172,0.109676752,-0.189159267,0.120514799,-0.005301639,0.386612708,-0.177752623,-0.009838215,0.309648919,0.235642967,4353,286,0,505,0,253.1169194,3255.875977,50,33,860,Pattersonavh,0
173,-0.492372916,-0.255695403,0.199182757,0.094461862,0.149256663,-0.229145738,0.229208646,-0.131856461,-0.106464315,2,0,1080,25,3,239.7786419,308.0637611,50,35,1210,Pilou@nowhere,0
174,0.356690614,1.052383434,-0.14512824,0.923196257,0.152417241,0.359742301,-0.660319637,-0.139625301,0.032574096,14581,909,22,938,285,238.0002066,844.0943065,50,61,1431,dkunce,0
175,10.23239254,-3.830191155,-3.652141761,-0.155547645,-2.898525847,0.04722672,0.274696069,-0.722441479,-0.486283899,12977,3555,104152,14050,17,1395.488952,19754.25146,50,207,987,dannykath,1
176,-0.639166461,-0.22365873,-0.017975078,0.051136556,-0.210381154,-0.321430732,0.165077741,-0.09746435,0.034321918,203,0,3334,17,0,0,0,50,1,2602,mcld,0
177,-0.473539149,-0.206395866,0.123710069,0.066732267,0.143712321,-0.261226028,0.141090625,-0.085197001,-0.082313633,976,5,887,116,1,200.7569071,403.3472887,50,2,1514,Lamine Ndiaye,0
178,-0.696969648,-0.17358125,0.069999724,0.055417394,-0.051963502,-0.30226904,0.155406452,0.029900787,-0.033675125,25,0,402,22,0,35.00052791,106.6223973,50,0,2401,matthewsheffield,0
179,-0.031182909,-0.464771103,0.13052495,0.061741103,-0.287162881,-0.130673414,0.321972169,-0.619170864,0.066451868,852,67,11211,130,6,287.9634416,383.2028246,50,176,2903,edvac,0
180,0.263877612,0.22565198,0.063140512,-0.17291195,0.436872552,-0.090954995,-0.298528017,-0.02416012,-0.006418503,9673,731,16,831,4,352.0985067,1762.736855,50,54,2570,majkaz,0
181,11.11875978,-5.102999338,-3.219166687,0.432359176,-1.644113171,-0.076590809,0.282793185,1.292650304,0.171996058,5741,1084,92343,14753,19,1645.136701,30038.23816,50,42,1226,Luis36995,1
182,7.312226501,-4.432217004,-2.753742952,0.461584433,-2.864288,-0.372389673,0.949952635,-1.856999039,0.777260213,67,192,102474,8101,6,1083.381186,15563.51942,50,90,856,samely,1
183,-0.497352685,-0.021166443,0.126970433,-0.011415649,0.168802262,-0.238540203,0.010737864,-0.108999252,0.000209771,3290,136,0,0,0,167.5583693,259.8652921,50,13,2069,Bkissin,0
184,-0.681550553,-0.004454322,0.028420058,-0.016828984,-0.049334849,-0.287537573,0.049664314,0.014517229,0.026859502,2113,221,0,0,0,0.480393085,8.985594749,50,0,134,patience mongwaketse,0
185,1.381668627,0.788511478,-0.345553326,-0.598681007,0.335493885,0.03676575,-1.159475217,0.559669262,0.193401558,22342,1505,0,2636,0,190.3291202,4575.132834,50,103,94,silvIasdw,2
186,-0.588022312,0.048410349,0.063730539,-0.044550429,0.031803808,-0.253548952,-0.006914223,-0.052400584,0.036110447,3410,257,0,0,0,60.39021551,66.26447885,50,15,1457,ghost from meadows,0
187,-0.406603012,-0.239821776,0.060965892,0.06960285,-0.01275236,-0.253723805,0.130608186,0.237438927,-0.131423692,16,46,26,574,5,84.68923941,1005.230957,50,24,2313,Takuto,0
188,1.06101373,3.370143251,-1.243195828,3.492235006,-0.328879616,1.635886005,0.322580124,0.060748636,-0.057347464,16586,7797,1040,1628,986,102.338689,444.344716,50,12,797,njsurf1813,2
189,0.765634878,0.014894784,1.248831976,-0.172514748,0.075426595,0.701659786,0.112540396,0.176994886,0.089422528,6072,557,0,798,38,542.0836878,3521.696647,50,879,302,OttoR,0
190,8.113382851,-4.555684463,-2.754206092,0.487282892,-2.366642829,-0.311071654,0.762965705,-0.456998997,1.442050344,2293,379,95481,8852,12,991.5510255,22196.17967,50,75,1507,ediyes,1
191,1.452453809,0.729101782,-0.133683328,-0.581956596,0.414984495,0.146070996,-1.115062728,0.225396847,-0.37299781,21124,1257,0,3053,1,455.4492664,2887.27403,50,190,959,anisa berliana,2
192,2.268998722,0.663531151,-0.152778726,-0.540137985,1.294155528,0.148799621,-1.330784388,0.083599147,-0.285849256,26381,1269,0,3336,0,950.7748498,5197.421866,50,36,960,Dosandriani,2
193,2.935404976,-1.575699433,1.766484903,0.515606644,3.548610001,0.595745435,1.037367653,-0.453473298,-0.176169765,1236,284,15,711,5,2760.928479,11158.71437,50,327,3266,rab,2
194,-0.219327424,0.090133658,-0.007458712,0.028626717,0.206245503,-0.113152473,0.467209932,0.00097285,-0.108953045,1243,1848,760,327,25,250.6382975,831.005437,50,35,899,Thomas Hills,0
195,0.430879059,-0.291399206,0.16931134,0.029422161,0.638069947,-0.13812374,-0.002895979,0.30561785,0.133743786,4702,275,14,812,1,450.6685256,4000.218607,50,25,1944,Nielkrokodil,0
196,-0.433405285,-0.198545392,0.442552683,-0.045294849,-0.382710315,0.004573338,0.231608244,-0.040306507,-0.027630301,15,15,2771,180,5,65.72533081,239.4207311,50,345,3254,SKald,0
197,0.578697411,0.746014591,-0.251221171,0.470712226,-0.004855001,0.174670047,-0.795471527,0.096122308,0.017264887,14784,570,1689,1600,184,143.0703169,1758.207104,50,63,441,Bishal9841,0
198,-0.507228658,-0.262188797,-0.05560545,0.132135646,-0.22451364,-0.291743918,0.220307637,-0.179085392,0.0575832,110,102,5133,54,16,46.52283426,197.1913492,50,1,2384,sbiribizio,0
199,-0.614125149,-0.073157723,0.032834745,-0.004943399,-0.084026288,-0.272370281,0.099557664,0.087731037,-0.089047731,1053,235,0,264,0,16.97731543,96.34845716,50,18,401,hulagirl14,0
200,0.029940611,-0.355144914,0.017549043,0.053368482,0.003048967,-0.210083368,0.149237678,-0.383512159,0.090802579,2769,119,7873,302,4,299.59855,1153.542404,50,49,2607,NoelB,0
201,7.257619504,6.097734408,-2.516671034,-2.264308943,0.074995302,1.663547333,-5.517131418,-0.850136245,-0.331993711,106115,9887,16076,10543,270,648.5010737,4085.145328,50,516,585,mmahmud,2
202,11.64289451,-5.513898312,-3.668303642,0.339122013,-2.692487561,-0.1304279,0.159339081,0.570852406,-0.953834788,3670,443,106172,16996,5,1692.567285,26343.71463,50,112,856,calfarome,1
203,-0.385937311,0.03391332,0.1144947,-0.027385174,-0.22748404,-0.112213709,0.059328633,0.046515001,0.018439416,2860,462,1666,352,18,14.07570974,443.1503095,50,155,794,nuts2001,0
204,-0.266705802,0.383924722,-0.095880146,0.808995776,-0.127154798,0.075423051,-0.098933963,0.133467138,-0.078364107,4086,429,10,628,200,48.19019682,543.2075934,50,22,442,Parassrest,0
205,1.342359754,-0.966754245,1.320569533,0.449108525,2.781655072,0.260840557,0.828014542,-1.41713819,-1.091703782,121,63,20,260,6,2366.833319,2427.242845,50,91,2636,Wim L,0
206,10.94761994,-5.247291259,-3.058346211,0.416218327,-1.973036952,-0.012503176,0.298001814,1.424189392,-0.842911609,752,480,89385,16067,11,1671.113126,27567.00904,50,169,765,karitotp,1
207,-0.876235135,-0.390375678,-0.264276108,-0.087470947,0.0751666,0.350786456,0.028849564,0.056983649,-0.02161708,344,15,0,64,0,23.87225137,143.5814012,25,0,351,ILikeTurtles512,0
208,-0.783303858,-0.29326654,-0.300223717,-0.137813577,0.093055721,0.367540125,-0.069799099,0.030431158,-0.04660174,1988,126,0,212,0,37.2635203,79.9247959,25,0,437,IndianaJones737,0
209,-0.824485326,-0.473602747,-0.351405303,-0.046811713,-0.096241621,0.33570696,0.084763729,-0.109207473,0.054213459,2,5,3512,1,6,0,7.965955919,25,0,2685,skorasaurus,0
210,-0.893649835,-0.390229064,-0.247774035,-0.085662355,0.078038316,0.355268278,0.036658418,0.030421005,-0.033758715,257,0,0,32,0,32.903717,31.47686368,25,5,569,Molly_Rhodes,0
211,-0.864976401,-0.339625675,-0.287505158,-0.114107462,0.04603006,0.356240196,-0.00697405,0.06095223,-0.023301742,924,87,0,116,0,3.429599479,70.17762802,25,4,427,pizzaallday,0
212,-0.847177609,-0.363998971,-0.200869423,-0.118403721,0.032563473,0.405774949,0.046616995,0.057107313,-0.030616572,425,101,0,87,0,26.70253271,115.8037836,25,58,402,GeoCrazy,0
213,-0.863609768,-0.38875853,-0.24764834,-0.097286641,0.011488641,0.372972164,0.030788434,0.035349724,0.00518319,437,14,597,48,1,7.709956777,121.8202,25,30,1236,GeoSebbo,0
214,-0.599701333,-0.208022554,-0.28370508,-0.162121577,0.090312811,0.430043209,-0.243211635,0.048426941,-0.054465434,4179,26,0,470,8,55.9019289,315.2866168,25,40,1903,matthieun,0
215,-0.812210509,-0.33418945,-0.241962005,-0.112930095,0.110013603,0.380220891,-0.023733268,-0.019719889,0.015138875,1580,49,335,18,1,56.53359344,138.8562737,25,17,435,mopatowsky,0
216,-0.216375021,0.392922,-0.682525698,0.033741163,0.035790904,0.655111289,-0.000225516,0.176661811,-0.256395769,5987,2463,26,1209,104,54.02225529,278.8095187,25,10,533,sulakshi,0
217,-0.699658485,-0.216754,-0.331452795,-0.182106613,0.07736572,0.373812084,-0.227778967,0.053517477,0.002391467,3908,33,0,329,0,9.751968573,249.9845936,25,3,402,somethingsimple,0
218,-0.257583517,-0.411207074,-0.359575281,-0.150516456,0.09486578,0.41957283,-0.155015581,-0.427226648,0.051100388,4962,35,6697,355,2,238.6643769,435.9842485,25,28,1345,de vries,0
219,-0.936165505,-0.391584164,-0.264092597,-0.082614297,0.042739644,0.342933114,0.045931878,0.049690117,-0.015322456,15,0,14,0,0,1.410912955,2.550897865,25,0,1977,TheHammer,0
220,-0.870008756,-0.3422681,-0.294445008,-0.112674306,0.03564391,0.350878597,-0.012695806,0.024715841,-0.001918784,1061,61,397,69,0,2.048593802,21.89795396,25,1,3503,delphiN,0
221,-0.581719437,0.189123314,-0.591481242,0.105709621,0.019957217,0.596717283,0.407898193,0.166676102,-0.137615796,1092,2614,24,508,93,17.52506015,152.3230851,25,2,542,Nileesha,0
222,-0.860592153,-0.367501341,-0.281456725,-0.100887519,0.062671506,0.354235015,0.022944977,0.067749092,-0.030407845,536,90,0,113,0,16.23148581,134.6750005,25,1,258,OneStopNodeShop,0
223,-0.878962677,-0.333337748,-0.265788897,-0.10927905,0.084502437,0.354265178,-0.031627022,0.016766768,0.018194042,1320,3,0,0,0,18.37474224,66.31317203,25,0,278,åÅÌ_imonK,0
224,-0.937152731,-0.38974208,-0.264682769,-0.083356823,0.041799558,0.342853509,0.044475235,0.050994215,-0.014445691,32,1,0,0,0,0,1.931520175,25,0,496,BrendanFitz,0
225,-0.683673538,-0.277992893,-0.300762764,-0.150627145,0.092289085,0.394041702,-0.103595071,0.081215746,-0.038268342,2548,171,9,347,2,41.7137656,373.6129521,25,18,1779,seattlefyi,0
226,-0.938272091,-0.391246533,-0.264369201,-0.082644782,0.041286483,0.342641229,0.046117037,0.051360851,-0.015485249,3,0,0,0,0,0,0,25,0,890,bquick2,0
227,-0.899892831,-0.421579035,-0.28905406,-0.079154585,0.004632316,0.33816297,0.058982665,0.007628282,0.009880755,0,2,1047,0,0,1.073148381,38.89087317,25,0,904,Simonsan29,0
228,-0.892554483,-0.415905435,-0.296918521,-0.083453164,-0.005004027,0.338022684,0.05045973,-0.005041416,0.007331137,136,6,1215,13,0,0.027753361,1.015117823,25,0,2338,Jarl Arntzen,0
229,-0.810632073,-0.430265687,-0.247045216,-0.071810873,0.104143768,0.36388491,0.056281311,-0.049976856,-0.027242251,373,0,1046,31,1,84.24659166,110.7984614,25,6,3637,LivingWithDragons,0
230,-0.900259172,-0.367667466,-0.276690103,-0.098120787,0.03649655,0.347333121,0.005466076,0.032680199,-0.004089074,636,0,256,33,0,1.197724587,13.69511459,25,2,1165,Wahaj,0
231,-0.871737116,-0.333682035,-0.283445697,-0.113341918,0.055436113,0.35186069,-0.038621937,0.039639221,-0.014899151,1226,9,0,90,0,6.191308444,24.25976966,25,0,279,searker,0
232,-0.752419822,-0.223027498,-0.310347632,-0.176933499,0.051939225,0.375147064,-0.18567325,-0.103908652,0.122056677,4063,33,1417,0,0,13.80191069,75.35862236,25,13,806,Mampho Shale,0
233,-0.678400875,-0.417709781,-0.395722316,-0.121570478,-0.101652978,0.342028073,-0.044166825,-0.154801831,0.051469168,1922,12,4266,193,0,15.19885064,64.09684191,25,4,828,Dibloni Innocent,0
234,-0.935770502,-0.388299496,-0.265327861,-0.084140981,0.041652415,0.343019584,0.042322154,0.050622979,-0.015019764,60,1,1,3,0,0,0,25,0,1268,jasmin530,0
235,-0.415441842,-0.443155315,-0.211033748,-0.095496762,0.377717035,0.416704984,-0.045139373,0.138067304,0.078525428,2464,78,0,313,0,204.7406218,1761.071555,25,9,1272,Ukundji,0
236,-0.93705381,-0.389018696,-0.264877344,-0.083670586,0.041784186,0.342929649,0.044063679,0.05049578,-0.014464989,41,2,1,0,0,0,0,25,0,716,MISA_AGU,0
237,-0.682373262,-0.601190539,-0.458575819,-0.062645043,-0.265665275,0.305578369,0.131916318,-0.321020743,0.142279195,41,3,8054,2,0,1.39709726,6.607407374,25,0,3657,ToffeHoff,0
238,-0.914356586,-0.376624221,-0.262189352,-0.093452728,0.037794223,0.350810331,0.024810267,0.03342613,-0.000147001,405,1,200,0,0,2.768420708,15.33278262,25,7,542,AB78,0
239,-0.9263848,-0.399010567,-0.268440488,-0.081437548,0.037195348,0.342335535,0.049107686,0.042618628,-0.012616243,0,0,208,5,0,3.015160965,16.15575836,25,0,898,aero97,0
240,-0.793953892,-0.383614795,-0.212607067,-0.099383962,0.130662608,0.387897458,0.013141469,0.012111952,-0.058485382,822,13,0,118,0,85.52187752,165.3432726,25,25,251,Lennarts93,0
241,-0.860292812,-0.358766139,-0.272082135,-0.102938256,0.071707301,0.353849005,-0.016541605,0.044513887,-0.019335765,943,1,10,90,0,20.37380964,98.76146261,25,1,2082,SylvainGaillard,0
242,-0.806057493,-0.427725961,-0.202523741,-0.068428675,0.197680658,0.373169206,0.063770793,-0.008368665,-0.029143701,337,4,28,0,0,116.9375584,295.1142446,25,5,601,Henkinator023,0
243,-0.890987123,-0.382386013,-0.285995037,-0.093971946,0.026807285,0.344187911,0.018806706,0.017719212,-0.002531727,517,9,595,34,0,3.993048856,13.75878101,25,0,3139,seichter,0
244,-0.919985252,-0.357932597,-0.27018337,-0.092584628,0.048956154,0.347962972,0.009146153,0.038505512,0.000619108,602,8,0,0,1,0,2.497450144,25,0,306,HLNV,0
245,-0.935458807,-0.392022873,-0.265127894,-0.082707273,0.041385185,0.342777527,0.046254527,0.054005927,-0.015567721,1,2,0,5,0,0,11.89033707,25,0,309,Saheed,0
246,-0.930588889,-0.394160243,-0.259485754,-0.081641153,0.050296921,0.345072826,0.048705689,0.047895065,-0.017161907,4,1,0,0,0,7.352163629,16.5433998,25,1,357,Lamsbach,0
247,-0.608168351,-0.20980033,-0.360142331,-0.196549695,0.072696633,0.380258303,-0.285814603,0.056741904,-0.13628507,4280,6,0,638,0,40.24574367,88.7423279,25,1,464,Ingrid k,0
248,-0.825761046,-0.362305583,-0.308974694,-0.110372814,0.044489696,0.355857638,0.0392155,0.092226047,-0.00897691,583,205,274,151,0,4.274171251,280.8382465,25,1,1258,Geogoeroe,0
249,-0.915231528,-0.392701389,-0.254959893,-0.086861251,0.041498198,0.352534978,0.045487644,0.060343132,-0.017865657,50,9,0,28,0,5.148809933,60.42369648,25,9,308,Ulana,0
250,-0.936172967,-0.390170295,-0.265213965,-0.083386178,0.041043068,0.342815602,0.043963067,0.051824861,-0.016493492,28,0,0,5,0,0,0.589902269,25,0,1668,mcheckimport,0
251,-0.911492459,-0.384372545,-0.253247766,-0.087151523,0.064154027,0.351280002,0.034789248,0.035877156,-0.012261281,280,1,18,0,0,17.4315471,36.50849525,25,4,246,kaiserm,0
252,-0.921518495,-0.399098587,-0.259722164,-0.081650701,0.04657053,0.346370197,0.049428305,0.055031273,-0.009577274,0,0,60,6,0,5.534746724,68.86366306,25,3,1693,Jolter,0
253,-0.695949003,-0.30026983,-0.205773693,-0.158292228,0.098212743,0.430612779,-0.074299012,0.055816536,0.010871148,2358,102,0,199,0,59.17576324,449.9961744,25,64,427,Ugo M,0
254,-0.938129823,-0.390779756,-0.264638964,-0.08286521,0.041339525,0.34275056,0.046677205,0.051401409,-0.01547464,3,3,0,0,0,0,0,25,0,576,jswolff,0
255,-0.903654177,-0.386265928,-0.270093833,-0.0893361,0.04989277,0.350942281,0.059974089,0.06421055,-0.028917772,12,86,0,53,0,9.765413795,68.90136085,25,3,667,Khaleleniki,0
256,-0.90259764,-0.420908422,-0.290574184,-0.079527516,-2.38E-05,0.337650729,0.05862679,-0.000597671,0.005694813,1,0,1111,0,0,1.107275473,1.083275314,25,0,3342,Dave Smith,0
257,-0.79990131,-0.332740297,-0.278225371,-0.126958558,0.056103959,0.373611756,-0.03356226,0.080260098,-0.020903136,1345,92,0,192,0,15.00577327,236.5679417,25,17,777,SColchester,0
258,-0.900672043,-0.407877147,-0.244283475,-0.078337928,0.074023114,0.35318547,0.056290856,0.053849152,-0.006810337,1,0,0,0,0,23.82030708,152.0249507,25,6,1132,cityeditor1000,0
259,-0.929990152,-0.391789661,-0.258361986,-0.08517368,0.03689828,0.348261556,0.046212024,0.056047711,-0.018011006,5,2,0,14,0,0.682216436,17.11986452,25,6,355,mathe2002,0
260,-0.148760279,0.20985836,-0.440309038,-0.403678442,0.256585159,0.45849365,-0.864843583,-0.155591011,0.051731956,13686,75,710,864,1,121.1712422,450.7010204,25,6,2388,BenjiDad,0
261,-0.777971168,-0.101913704,-0.406506821,-0.224935531,0.072191403,0.398583531,0.100313289,0.046542217,-0.007597625,2246,1155,0,157,0,0,0,25,0,374,ba_boy,0
262,-0.936274959,-0.390116166,-0.264174044,-0.083180995,0.042970033,0.343014256,0.044367565,0.050458648,-0.014617882,35,0,0,0,0,0.878851093,3.640520968,25,0,241,Temir,0
263,-0.916661816,-0.37516343,-0.263670108,-0.092689296,0.047186867,0.350711169,0.039672777,0.056097889,0.002627459,273,46,2,0,0,0.748287232,77.07334541,25,5,4108,giovand,0
264,-0.874391852,-0.401568167,-0.242175444,-0.078752584,0.112765558,0.355346713,0.04628028,0.022550663,-0.029538637,246,6,0,18,0,53.5474838,110.4934669,25,0,859,nicccky,0
265,-0.905328821,-0.332965145,-0.273635909,-0.109113463,0.056386604,0.349303886,-0.02635589,0.026321234,0.014460074,1139,2,0,0,0,0,1.621365907,25,0,1154,ntebo,0
266,-0.851471506,-0.39830116,-0.198879755,-0.087903835,0.115843729,0.382502436,0.047941472,0.011954177,-0.020683552,377,1,0,0,0,68.01212308,153.9528983,25,27,3563,rippunzel,0
267,-0.885741191,-0.383725824,-0.235812344,-0.091314926,0.07723568,0.363506232,0.030905103,0.03779442,-0.001174722,434,2,0,0,0,28.04479575,126.7929999,25,14,1750,K3rkys,0
268,1.71378194,-1.516841586,1.158285887,0.433836335,3.65077467,0.93404068,0.865036171,-1.428440012,-0.808500534,628,3,0,0,0,2777.904658,5198.832119,25,23,1076,AHeneen,0
269,-0.925115524,-0.396547347,-0.262155672,-0.081171646,0.051085703,0.343910905,0.046997614,0.058105166,-0.006154199,27,0,0,0,0,4.173938709,76.81452229,25,0,363,ÌÏåÅÌÜÌÏ‰Û¡_ÌÏ‰Û¡Ì±,0
270,-0.789648117,-0.278855606,-0.32688981,-0.146940551,0.068402055,0.368043312,-0.018483725,0.074966591,-0.020366259,1680,320,0,205,0,10.82783928,193.5334709,25,0,1461,isabellekh,0
271,-0.813562622,-0.465480406,-0.324685656,-0.077313466,-0.038744613,0.337870282,0.076523561,-0.092906923,0.027500426,155,22,2858,25,0,24.797626,39.51127342,25,2,3411,etu,0
272,0.262327358,1.019880325,-1.171967684,-0.793039028,-0.064482716,0.614912231,-0.006400174,-0.378431151,0.229153567,15711,5266,7430,972,12,0,63.23592825,25,0,1407,feyeandal,0
273,-0.936359453,-0.387345291,-0.265438939,-0.084434878,0.042135013,0.343215065,0.043895911,0.050231084,-0.014022306,58,7,0,0,0,0,0,25,0,450,Hatamoto Kosuke,0
274,-0.86349869,-0.382967195,-0.235347819,-0.024795019,0.086785255,0.385356652,0.053454413,0.020938223,-0.012923506,225,17,182,3,13,48.55509657,140.6780207,25,13,823,Maarten van der Veen,0
275,-0.933064281,-0.392300572,-0.266628708,-0.083074101,0.039721498,0.342728952,0.046466266,0.046781061,-0.012639105,30,4,90,0,0,0.924853869,6.168761425,25,0,2032,Brett_Kelly,0
276,-0.887947775,-0.363790052,-0.271570212,-0.098269165,0.060207452,0.349210534,0.001422324,0.011190848,0.010110621,840,3,329,0,0,15.18382702,40.25490287,25,0,3632,richdb1969,0
277,-0.593158455,-0.408909246,-0.193950796,-0.106064326,0.237167988,0.419968768,-0.001104108,0.02971185,-0.00700836,1654,81,358,211,0,159.193059,832.4392571,25,35,1009,Dampee,0
278,-0.734179948,-0.296841382,0.166699458,-0.235520691,-0.154759856,0.658813709,0.035872834,0.03351479,-0.010043284,1180,36,0,78,0,43.15872012,91.02643272,25,341,794,Mpaleng Oliphant,0
279,-0.641791667,-0.351700333,-0.225894055,-0.116534305,0.247812469,0.3963801,-0.073366231,0.007579125,-0.003714982,2413,26,1,179,0,139.6474189,620.0036605,25,9,2230,SupapleX,0
280,-0.915391482,-0.37535349,-0.271529332,-0.092383493,0.041120899,0.346090633,0.022000332,0.052793457,-0.021084437,332,7,0,43,0,0.739589603,8.153420324,25,1,1442,annajgibson,0
281,1.156217086,-1.211994599,0.531548496,0.239284789,2.376803164,0.718404529,0.488359879,-0.461366186,-0.313865053,1322,78,0,503,0,1718.897414,5608.560133,25,2,295,kalulunga_ImportAccount,0
282,-0.683947927,-0.146250736,-0.358803278,0.539606214,-0.048292244,0.594191933,0.010881691,-0.018821693,0.034217879,1214,172,1803,129,146,37.42130051,277.6492758,25,13,2736,JeaRRo,0
283,-0.720893923,-0.337581595,0.104902071,-0.208254247,-0.123882198,0.617366435,0.041310764,0.066619625,-0.039977807,809,13,0,166,0,47.95897742,195.518838,25,295,1154,TopsQn,0
284,-0.835301051,-0.285841302,-0.29594816,-0.1381469,0.064811211,0.363664022,-0.057915961,0.039398988,0.010232797,1882,129,0,100,0,5.08334219,95.72461267,25,4,718,mgermanw,0
285,-0.576384666,-0.15098223,-0.384691299,-0.225055942,0.048660447,0.395014349,-0.269004584,-0.088894466,0.038477488,5462,226,1745,356,1,35.51985769,140.1890702,25,11,3272,dalmond,0
286,-0.864633332,-0.277191188,-0.286910964,-0.135553671,0.07483084,0.358278718,-0.075867526,0.008377392,0.034791141,2097,67,0,16,0,4.469282464,23.5055272,25,0,855,monyk,0
287,-0.937746151,-0.390168413,-0.264669123,-0.08313967,0.041519507,0.342801043,0.04552825,0.051053962,-0.015085943,18,2,0,0,0,0,0,25,0,151,marc_robins,0
288,0.669780304,2.24332038,-1.473534465,-1.339446033,0.324969056,0.831555403,-0.202260095,-0.089985707,0.099557264,26031,8640,0,1708,9,0,0.696797197,25,0,392,neyziellexrrc_,2
289,-0.925787254,-0.378477786,-0.266637584,-0.088793603,0.04846552,0.345036982,0.033028776,0.048203868,-0.005831516,259,13,0,0,0,1.679475638,26.81556442,25,0,2604,Stanley1260,0
290,-0.803471167,-0.342724895,-0.102540973,-0.162854659,-0.079939846,0.482446638,0.009365031,0.042370476,-0.022631291,894,16,426,132,0,9.993231983,49.71041731,25,152,993,stanley makhanya,0
291,-0.739292558,-0.442327625,-0.315239799,-0.088209492,0.036264012,0.351722185,0.044328808,-0.060433363,0.016598951,744,65,2303,107,0,58.74969025,263.0906023,25,0,427,ProjectThis,0
292,-0.796120549,-0.257539241,-0.300155113,-0.141062039,0.090654562,0.397288048,0.069706479,0.052096599,-0.001408385,1299,553,0,97,3,31.06054099,199.842241,25,17,1272,BlackTy,0
293,-0.772541295,-0.331666549,-0.24420346,-0.109226456,0.184109294,0.380712523,-0.003218337,0.00735667,0.040539116,1677,151,0,1,1,82.25447915,403.3059361,25,4,463,SuzanneSy,0
294,-0.802176921,-0.364231264,-0.229118658,-0.107666971,0.113482322,0.384539632,0.001099236,0.011022439,-0.068990742,964,39,0,142,0,73.90934498,79.62523084,25,22,2097,Bgabor,0
295,-0.061742238,-0.249097091,0.335550836,-0.337190439,0.114518212,0.853460569,-0.164221553,0.034609293,-0.112792084,5117,111,0,750,0,311.5012015,1305.588519,25,464,163,puspa s,0
296,-0.741244968,-0.367806598,-0.139857734,-0.09927499,0.08407089,0.456221194,0.026715812,0.044692284,-0.03258832,885,54,16,138,6,82.72367032,349.1601585,25,90,2725,clairedelune,0
297,-0.800163656,-0.37816605,-0.232983982,-0.070666372,0.171580852,0.37674436,0.021944287,-0.008918246,-0.04695127,851,39,0,66,4,99.80659608,173.8301534,25,1,1612,geocruizer,0
298,-0.733165201,-0.354645554,-0.329327548,-0.063154002,0.034121085,0.377179913,-0.014023361,0.043921713,0.013168293,1335,127,1166,208,12,23.49244546,387.5527012,25,2,1174,mingo23,0
299,-0.901924357,-0.377359504,-0.247511826,-0.089829593,0.078432648,0.355400248,0.028869364,0.021454798,-0.018366887,427,5,0,0,0,28.88034126,14.04238018,25,5,175,TomHolland,0
300,-0.911448806,-0.363725786,-0.279186476,-0.098088611,0.040987208,0.348769879,0.035999126,0.054433362,-0.023996498,322,83,0,49,0,0.541906352,1.656788557,25,1,191,emevans24,0
301,-0.890772458,-0.377626643,-0.25619497,-0.089609466,0.084851177,0.351286315,0.020198189,0.034924804,0.00093126,552,3,0,0,0,24.93016788,111.4914213,25,0,156,jochemkrechting,0
302,-0.934261152,-0.383584929,-0.266161387,-0.086152109,0.043089792,0.343683622,0.03991379,0.048799031,-0.012179865,126,9,0,0,0,0,0.3981463,25,0,210,Gary_Russell,0
303,-0.460340576,-0.738925061,-0.569032323,-0.050227226,-0.40271502,0.291101219,0.160359568,-0.391638079,0.211727721,0,0,11738,194,0,2.507670574,467.6253884,25,0,829,ruthmaben,0
304,-0.890920543,-0.337931038,-0.268986675,-0.110520194,0.054300539,0.355940425,-0.015185352,0.036435496,0.005781203,1034,28,0,27,0,3.789896025,38.52346913,25,6,416,amarrington,0
305,-0.915297044,-0.366360633,-0.266007851,-0.094622571,0.054491134,0.347856819,0.016290935,0.041387868,0.00089329,526,10,0,0,0,4.09731922,34.26906735,25,1,413,lweld,0
306,-0.921785507,-0.358995962,-0.272106638,-0.097394332,0.048679235,0.347067739,0.021313366,0.04065064,-0.00210892,509,41,0,0,0,0,0,25,0,134,Maipelo Lekgowa,0
307,-0.858440543,-0.397970224,-0.265055293,-0.086755567,0.07475584,0.351410414,0.026286176,0.022246866,0.007624988,534,0,460,22,0,31.20046878,176.5611307,25,1,1083,bondah,0
308,-0.864002017,-0.409215065,-0.307329224,-0.090329729,-0.008792974,0.340136263,0.027433531,0.013979211,-0.023955685,304,2,1113,110,0,1.327488892,7.571646352,25,0,2684,jBeata,0
309,-0.912741499,-0.388889417,-0.253621852,-0.084809321,0.065904481,0.350353203,0.042206049,0.040266972,-0.013511424,185,8,0,0,0,17.97616787,49.75148089,25,3,156,OmikronWeapon,0
310,-0.925503335,-0.392488228,-0.261953687,-0.083680973,0.046666559,0.34581617,0.047380204,0.05297889,-0.007960216,53,10,37,0,0,3.72257485,51.96583339,25,2,1445,juanda097,0
311,-0.793980002,-0.333466537,0.179843535,-0.217138008,-0.184120481,0.654199396,0.104509076,0.053949509,0.001755785,228,54,0,0,0,24.48134794,82.10260765,25,346,817,seisa,0
312,-0.86565304,-0.39043722,-0.246924032,-0.091436776,0.075032218,0.365829237,0.056127771,0.018812806,-0.037039944,243,71,250,49,0,43.21754128,54.92443147,25,13,2000,antoineg,0
313,-0.936864128,-0.392097326,-0.263992068,-0.082349934,0.042517178,0.342791462,0.046560111,0.051997393,-0.014746729,1,0,0,0,0,0.657392472,8.064335486,25,0,190,201Geog17,0
314,-0.382118242,-0.275072225,-0.142535066,-0.215987082,0.127393479,0.526084323,-0.203734587,0.137971393,-0.026659625,4199,78,0,622,1,123.1339409,1111.632461,25,140,163,jdavanitha,0
315,-0.328061609,-0.587477903,-0.370018469,-0.072064405,0.111850867,0.362837366,-0.032870508,0.476778285,0.255530123,1243,14,1384,606,1,6.664572514,2968.996564,25,1,441,Maanya,0
316,1.914671385,1.214712561,-0.031981149,-1.052930444,1.178893555,1.108907633,-2.269285189,-0.668691797,-0.012646422,38647,542,0,2524,1,889.018861,2481.213803,25,368,692,mjgk,2
317,-0.767792856,-0.359132477,-0.289251577,-0.112513813,0.100313247,0.364542415,-0.015807616,0.089913342,-0.025692319,1175,108,0,215,0,38.51615598,385.5746127,25,1,227,ahab003,0
318,-0.373563316,-0.204435547,-0.126035542,-0.250732729,0.055331653,0.561169539,-0.256143948,0.084925883,0.002323935,5151,105,466,599,3,99.18451584,916.0731664,25,178,163,rajakopan,0
319,-0.835523338,-0.435520887,-0.315562532,-0.084217797,-0.017469435,0.337936068,0.043726575,-0.020264665,0.027532345,339,3,1881,51,0,6.30224597,131.014997,25,0,1252,Boss DÌ_å©v,0
320,-0.62866327,-0.645494086,-0.48546129,-0.055470677,-0.304149623,0.301182876,0.153156239,-0.393479049,0.164925377,3,0,9468,0,0,14.08214686,23.6466746,25,0,2878,Scare!,0
321,-0.801088434,-0.312848112,-0.263891451,-0.125981932,0.113782509,0.37299935,-0.059707363,-0.001164491,-0.039343132,1828,48,0,134,0,55.90966296,42.77961573,25,7,2125,Karisa,0
322,-0.815129938,-0.171562724,-0.299490214,-0.18234898,0.097705512,0.367754879,-0.225349623,-0.043331886,0.096139472,4267,11,0,0,0,0,0.604809567,25,0,134,Mogi Radipata,0
323,-0.914086859,-0.361776165,-0.266345457,-0.096000701,0.057995415,0.347675173,0.008843684,0.034232733,-0.001045152,624,3,0,0,0,6.478763584,12.68631016,25,0,1257,tjsmith7,0
324,0.141612352,-0.318836647,0.078555629,-0.295580123,0.197707227,0.752794342,-0.173407242,0.184462136,-0.356644938,4568,321,0,1452,1,353.7222914,1610.318632,25,327,163,ranu1,0
325,-0.932829083,-0.381502728,-0.266054121,-0.08708036,0.043721286,0.343781529,0.034633803,0.047223287,-0.010621102,188,2,1,0,0,0,0,25,0,1796,pibanezdeelejalde,0
326,-0.918908988,-0.382745987,-0.266633068,-0.082430663,0.051703665,0.346963648,0.039593365,0.057045157,0.000638574,200,22,0,0,1,2.478126091,85.06688428,25,0,542,Fitzpatrick PCV,0
327,-0.935105785,-0.385683838,-0.26544317,-0.085190625,0.042728073,0.343339823,0.040214348,0.049288008,-0.012692316,104,3,0,0,0,0,0.982694827,25,0,2754,geg60030,0
328,-0.898267813,-0.394487404,-0.212427313,-0.089855441,0.061033152,0.375032799,0.054212424,0.031717352,-0.023295907,97,0,0,0,0,31.80546828,44.99399669,25,29,185,alegendaryhamster,0
329,-0.933934204,-0.381671233,-0.267774276,-0.087082469,0.043159084,0.344280495,0.045128934,0.049625412,-0.012664557,103,29,0,0,0,0,0.718127364,25,0,918,Yapock,0
330,-0.874176527,-0.329968139,-0.277017925,-0.113340798,0.077584053,0.358314384,0.012185849,0.043138861,0.02707724,1033,142,0,2,0,10.94281049,152.2251778,25,2,316,Hsiehster,0
331,-0.172112513,-0.799759559,-0.48857864,-0.028017616,-0.101556149,0.333273855,0.101656202,0.245869741,0.295841709,0,2,6814,660,1,23.63642313,2935.561321,25,1,731,ramyaragupathy,0
332,-0.922131094,-0.376118173,-0.27058706,-0.091177369,0.04276417,0.346319861,0.036456782,0.052680751,-0.014656954,227,35,2,21,0,0.307496428,15.85239256,25,1,1400,Paul Mallet,0
333,1.013674016,0.480814094,-0.359326672,-0.471004742,0.793468489,0.782348095,-1.055270867,-0.363677905,0.159048199,21731,1096,3009,1483,32,581.9120981,2656.009251,25,120,1403,danbjoseph,0
334,-0.839047547,-0.405632546,-0.296611024,-0.070073027,0.002413566,0.361666635,0.07155929,0.004807599,0.010182327,187,113,1351,53,5,14.29968217,138.8204358,25,10,3765,ivansanchez,0
335,-0.819833135,-0.384058223,-0.235635929,-0.101089752,0.08722493,0.378810565,0.040880183,0.02201469,0.034176561,744,84,488,0,0,44.82566562,310.803806,25,24,1493,samlibby,0
336,-0.910369252,-0.373197096,-0.26841491,-0.092311606,0.055344492,0.34656926,0.022343295,0.055131781,0.011012735,456,17,0,0,0,1.29241341,106.5355389,25,0,748,JuliaKleine,0
337,-0.919812093,-0.378213245,-0.263122173,-0.088687702,0.056575004,0.346249009,0.027611229,0.041482557,-0.007374902,335,1,0,0,0,7.829270969,26.53882759,25,0,175,HvdB89,0
338,-0.877954171,-0.38765513,-0.252593004,-0.08599969,0.094235077,0.353020811,0.027786747,0.012514333,-0.007959038,516,0,182,0,0,40.11553436,90.78130645,25,0,1601,cweiske,0
339,-0.791685334,-0.339043947,-0.226446156,-0.106389868,0.193772119,0.37555575,-0.037166691,-0.042983707,0.001173873,1806,7,2,0,0,100.3724967,178.4507166,25,2,2108,lyctkel,0
340,-0.270743859,-0.441579499,0.0225785,0.339707076,0.716034236,0.630908782,0.145025569,-0.239726176,-0.202779296,1084,43,0,161,80,577.0914867,1100.356295,25,43,938,emilyeros,0
341,-0.903399002,-0.41601655,-0.28785589,-0.080718423,0.006900599,0.338811003,0.056317968,0.005634571,0.00545585,36,5,984,0,0,1.785174336,12.82765456,25,0,1561,myxor,0
342,-0.725211237,-0.402703496,-0.211879846,-0.084230036,0.241323547,0.379551505,0.007431049,0.019745275,0.041299991,1331,15,0,14,0,122.7879625,665.4480356,25,2,227,Spotter Cluster,0
343,-0.925806219,-0.377435346,-0.271448061,-0.079693372,0.039735458,0.347607258,0.038191149,0.052934143,-0.019781106,152,24,0,24,2,0,0,25,0,184,Sonja5938,0
344,-0.885431628,-0.386771893,-0.244419779,-0.086215929,0.094983077,0.356819786,0.037143126,0.027377122,-0.011852578,387,15,0,0,0,38.06395711,102.4612614,25,4,569,PeterAdriaan,0
345,-0.896799781,-0.376023942,-0.247145345,-0.09357134,0.070099034,0.361293839,0.048785631,0.039021705,-0.008367643,303,67,0,0,0,22.9384979,79.86462652,25,11,175,Coen81,0
346,-0.924196297,-0.383423263,-0.263215322,-0.086310754,0.054220458,0.345758005,0.039056413,0.044576486,-0.011569974,189,13,0,0,0,7.497526579,22.32533246,25,0,161,Judith O,0
347,-0.915318573,-0.407830789,-0.276564826,-0.081151121,0.021675669,0.341404061,0.054074554,0.027131582,-0.002738424,0,4,574,2,0,1.747549794,22.54831337,25,1,981,JanetChapman,0
348,-0.904734893,-0.380877374,-0.259618162,-0.08864873,0.067096761,0.348836177,0.025691171,0.046028434,0.002298502,408,1,0,0,0,12.8728343,99.9512544,25,1,167,Iris Reimerink,0
349,-0.915472506,-0.388220074,-0.258704153,-0.08485604,0.061328547,0.347395192,0.03787477,0.046292389,-0.007555575,208,2,0,0,0,11.98427905,64.29767359,25,1,155,Miranda24,0
350,-0.848498599,-0.319345948,-0.284347778,-0.113986656,0.059283975,0.370266769,0.010383967,0.048025434,-0.029367716,1003,184,0,114,2,16.75630698,56.28538715,25,9,696,Andrew Rickard,0
351,-0.935440082,-0.391391443,-0.260630147,-0.08371198,0.039704482,0.34543623,0.04644944,0.052243958,-0.016006406,4,0,0,3,0,0.629356147,5.148134718,25,3,877,AnibalRei,0
352,-0.924868321,-0.383894967,-0.261187589,-0.086805409,0.050701268,0.347046041,0.039492829,0.046649253,-0.010513545,175,11,0,0,0,5.859085508,25.35207929,25,2,155,Michiel33,0
353,-0.731236944,-0.386705279,-0.130809242,-0.125235943,0.08185637,0.451335831,0.023408588,0.009212235,-0.053160151,912,18,303,153,0,97.0498497,256.3193611,25,95,164,ASni AS,0
354,-0.890777109,-0.388046855,-0.262294148,-0.087071976,0.073318358,0.352101497,0.049408656,0.045666116,-0.028373942,178,56,18,42,0,25.79359937,77.09593314,25,1,1321,racky,0
355,-0.917231736,-0.352704347,-0.267171291,-0.091437014,0.045137787,0.355105788,0.021634326,0.040886295,-0.00031463,540,49,0,0,2,0.329700548,5.866643125,25,5,217,OrlaMcManus,0
356,-0.876312043,-0.336116041,-0.288936075,-0.113236491,0.04187285,0.349863709,-0.036868189,0.042286185,-0.019874381,1152,8,60,102,0,0,0,25,0,172,Myrnamfl,0
357,-0.556636314,-0.235420957,-0.34509787,0.564463366,-0.002350577,0.603755119,0.030553645,-0.013154693,-0.007228368,858,92,2335,281,146,99.918452,596.1297233,25,16,1851,hermann106,0
358,0.075291852,-0.345289006,-0.511466212,-0.179199994,0.099947744,0.419273001,-0.403038035,0.349986343,0.324969715,7126,127,3388,1028,10,32.47082213,3228.124452,25,7,1761,BharataHS,0
359,-0.671255516,-0.502504942,-0.36959517,-0.093534221,-0.121599983,0.351182095,0.08043194,-0.218716892,0.121248126,880,82,5563,18,0,36.36774026,213.9039294,25,21,372,RoadMapsYou,0
360,-0.858468063,-0.377029319,-0.305788384,-0.102033954,0.017016977,0.348387836,0.018486475,0.098494105,-0.092533197,236,80,0,251,0,0,29.66253608,25,0,345,bzendra,0
361,-0.892589977,-0.373020978,-0.271240215,-0.094911432,0.05422845,0.348915166,0.011688981,0.05578089,-0.014591748,519,8,0,57,0,7.548600781,79.85175456,25,1,164,tharishinie,0
362,-0.566968059,-0.180435468,-0.277342021,-0.114406562,0.232326854,0.42959434,-0.253257081,0.011167125,0.128648509,5156,59,1,169,16,91.70961487,823.6893762,25,9,1720,Kretzer,0
363,-0.146766592,-0.554281913,-0.462221607,-0.077264618,0.062651336,0.395619934,0.01316342,0.098540128,0.073557625,2083,348,5011,797,8,136.5204416,2017.866203,25,0,1106,Jothirnadh,0
364,-0.910969327,-0.394259775,-0.25182143,-0.08589696,0.049347213,0.353893666,0.048273739,0.054990957,-0.021489998,45,12,0,27,0,11.69898004,59.16773066,25,9,1483,John_T,0
365,-0.806067712,-0.31463742,-0.27167771,-0.131466424,0.066239721,0.372096037,-0.077687455,0.046257628,-0.014277947,1836,10,0,163,0,19.63880594,143.4944894,25,15,157,ganjana,0
366,-0.759112301,-0.231924707,-0.334155775,-0.115814448,0.048017988,0.395032102,-0.061744237,0.063776402,-0.055380794,2163,312,0,293,11,12.96977093,78.30917584,25,8,464,raxchana,0
367,-0.824040525,-0.337843585,-0.259062728,-0.108865037,0.100972458,0.368710849,-0.03644621,0.019260524,-0.023300012,1399,17,0,100,1,44.286544,104.8286473,25,7,1289,Eve Aporee,0
368,-0.824100201,-0.303401408,-0.292712672,-0.13283728,0.058392991,0.362295807,-0.074754509,0.045267165,-0.017446015,1820,48,1,160,0,9.236723853,78.07089485,25,5,2984,Vincent Bombaerts,0
369,-0.909154205,-0.386938506,-0.262445057,-0.08716388,0.055568518,0.347479617,0.033379181,0.059623327,0.009285345,280,6,21,0,0,4.159862044,134.6060712,25,2,3194,Peter Brouwer,0
370,-0.096522519,-0.591021121,-0.523888358,-0.115226072,-0.101685505,0.369617115,-0.081430214,0.109419744,0.280795473,3117,144,7028,737,3,33.87620096,2454.579175,25,13,727,nikhilprabhakar,0
371,-0.903730541,-0.321489648,-0.278104069,0.093680666,0.029883714,0.407234903,0.032918239,0.044659848,-0.011294282,203,5,66,11,40,7.367464901,24.17873697,25,0,1873,muramototomoya,0
372,-0.924249021,-0.384775819,-0.248807961,-0.088475886,0.046394941,0.354147997,0.042361818,0.042185591,-0.016103887,140,5,0,0,0,8.933852124,2.869644366,25,10,329,RiddlerTron,0
373,-0.702412517,-0.437802152,-0.393523807,-0.103705931,-0.090383004,0.339305145,0.013562362,-0.086929279,0.060827564,1190,91,3800,175,1,4.090366865,237.2907178,25,0,258,DoodleBob,0
374,-0.684921083,0.066988431,-0.344005441,-0.290928436,0.156971314,0.396878378,-0.483225468,-0.1380215,0.210386437,8605,120,0,0,0,0,3.579022365,25,0,134,kubuya seete,0
375,-0.859261561,-0.352743372,-0.21504049,-0.121509613,0.020362294,0.398037255,0.026783656,0.055108012,-0.026518712,596,81,19,88,0,14.19801752,66.35530288,25,52,743,eglatorre,0
376,-0.937065026,-0.389099113,-0.264705423,-0.083619004,0.04183994,0.342884623,0.043422786,0.050425853,-0.014386996,45,0,0,0,0,0,0,25,0,1850,samuelestabrook,0
377,-0.864278661,-0.406175656,-0.17621915,-0.102499342,0.014812984,0.405679665,0.061354981,0.089605218,0.009972382,0,0,24,34,0,11.50596974,283.9492267,25,68,2664,Wo gehen wir hin,0
378,-0.921338401,-0.394256494,-0.275285661,-0.079748137,0.028725918,0.343498559,0.047313122,0.032586458,-0.004869636,88,12,383,0,1,0.699821163,8.410727434,25,0,2032,vtcraghead,0
379,-0.878432085,-0.378915361,-0.29244263,-0.096854633,0.033438233,0.34780596,0.044751888,0.02457944,0.001564787,418,102,630,35,0,7.721961412,70.18839886,25,0,749,chris@zontine,0
380,-0.880458628,-0.366943724,-0.262197887,-0.091527816,0.082044685,0.357863277,0.037975137,0.05009122,0.013617423,530,89,0,0,1,20.38751368,182.732818,25,3,2836,ridtx,0
381,1.070882916,0.136389154,4.195960194,-1.246377568,-2.240848739,3.66501126,0.700827933,0.516571272,0.173003547,1864,936,0,789,50,283.83167,3015.559278,25,3570,2756,mdk,0
382,-0.934534565,-0.386034727,-0.264876953,-0.085861704,0.041235331,0.345769015,0.052924799,0.053020977,-0.013886025,7,35,0,0,0,0.190888177,9.75295685,25,2,150,kstlouis,0
383,0.330747752,-0.368298963,-0.358744236,-0.217689477,0.084515079,0.587453129,-0.301880139,0.685331861,-0.283495191,4689,450,0,2190,13,146.173899,3120.832478,25,146,163,Tharshika5445,0
384,-0.725442716,-0.339091341,-0.20512758,-0.145879813,0.042209741,0.428873444,-0.03157312,0.041821356,-0.057594496,1510,77,320,259,0,55.12880156,213.0763203,25,72,164,S Sajeeth,0
385,-0.934794595,-0.385059919,-0.265337841,-0.085451467,0.042880966,0.343342437,0.038355029,0.048667166,-0.012321234,124,0,0,0,0,0,0,25,0,1002,tgouge,0
386,-0.849481874,-0.31423702,-0.267489383,-0.119627045,0.099215107,0.359117956,-0.060811343,0.018030194,0.045147059,1828,8,0,0,0,20.58317266,169.6151949,25,1,98,TMann10,0
387,-0.897700433,-0.345425476,-0.27240016,-0.104714954,0.060058876,0.349005535,-0.016344747,0.041622776,0.02416867,1012,4,0,0,0,0,92.19651634,25,0,134,Kabo Matsaunyane,0
388,-0.558721956,-0.288101321,-0.270083488,-0.121608076,0.029749384,0.455980421,-0.125845238,0.123026259,-0.041968579,2767,132,539,522,13,45.53255523,659.5985958,25,69,162,alfarhan321,0
389,-0.937466388,-0.391283187,-0.263344047,-0.083040775,0.040269799,0.343517555,0.046183051,0.051856226,-0.01616468,1,0,0,2,0,0,0.234713911,25,1,524,JPGJG15,0
390,-0.727081652,-0.395314716,-0.206631919,-0.094125137,0.212444432,0.397784614,0.063307179,0.018250128,-0.024658366,803,167,1,84,0,128.8772805,488.2091923,25,19,3168,koos krijnders,0
391,-0.746984513,-0.10218182,-0.313994767,-0.216531206,0.129181136,0.378555253,-0.311560625,-0.050312266,0.162603245,5767,48,0,0,0,0,189.1606322,25,0,134,Kaizer Morewagae,0
392,-0.435172431,-0.300179147,-0.223961332,-0.150038495,0.35546004,0.441829541,-0.124968159,-0.023288231,-0.08112053,3774,200,0,427,1,235.3243652,802.710177,25,19,418,daisygrubber,0
393,-0.571984187,-0.402120342,-0.261830954,-0.127932821,0.02814995,0.421886548,-0.050964028,-0.056285814,-0.040408458,2021,23,2372,363,2,99.06779922,389.0165083,25,59,2827,Segelpaule,0
394,-0.863208552,-0.256741245,-0.286750203,-0.143745607,0.075626179,0.358281531,-0.115113046,-0.005407301,0.052069503,2575,20,0,0,0,0,1.59332913,25,0,134,kutlwano,0
395,-0.661743464,-0.454584119,-0.15852256,-0.053415383,0.353710987,0.398254642,0.06049756,-0.03591463,-0.004037263,940,9,0,0,1,216.7372665,753.1358809,25,3,1310,olearytd12,0
396,-0.928233079,-0.383514538,-0.262960954,-0.086011944,0.051080475,0.344952383,0.036098845,0.042747068,-0.013663939,189,1,1,0,0,6.059132353,2.310478807,25,0,2985,antal,0
397,-0.55429811,0.294575949,-0.439260312,1.02499367,-0.015621623,0.849294723,0.008827146,0.06178954,-0.014545194,2746,912,8,288,276,54.39707753,287.803873,25,19,2631,PierZen,0
398,-0.910801086,-0.41271448,-0.281309884,-0.080088158,0.016131583,0.339732054,0.055129873,0.015942793,-0.001706364,2,0,755,2,0,2.951319018,9.833095883,25,0,2159,vasanthi,0
399,-0.83597214,-0.45124361,-0.339132193,-0.073413725,-0.070131997,0.33686777,0.08089535,-0.079667946,0.038006144,91,56,2879,16,2,0.998518446,5.094929466,25,2,2645,sev_osm,0
400,-0.93359605,-0.390603343,-0.265826329,-0.083542475,0.041059328,0.342952757,0.043294618,0.051864107,-0.017165266,37,0,13,9,0,0.553223704,4.391962507,25,0,2240,Rbanick,0
401,0.200762345,0.519511588,-0.534144625,-0.465571221,-0.199278098,0.890249643,0.423710777,-0.280155987,0.144836063,8144,4311,7282,692,47,135.4323849,649.7841925,25,310,3094,vogelfreier,0
402,-0.907348275,-0.367048829,-0.275415351,-0.0964068,0.04313459,0.346185272,0.008153712,0.051779089,-0.017807351,521,4,0,52,0,0.23700144,16.81810684,25,0,423,Kmerkel,0
403,0.105734824,-0.411872306,0.051028602,-0.084663373,1.189328933,0.554111753,-0.033993863,-0.355710835,0.062184586,6191,338,0,0,0,771.5693908,2415.19551,25,2,147,blergh,0
404,-0.149326121,-0.079441088,-0.322276059,0.010942053,0.202865512,0.582711264,-0.362414111,0.186697894,-0.023653772,6647,279,0,942,61,145.5620287,1544.68193,25,65,163,leniya,0
405,-0.930316879,-0.388280703,-0.267217405,-0.084911978,0.041472979,0.34349916,0.041549805,0.05355904,-0.019168945,67,6,0,17,0,0.755289642,6.844936637,25,0,258,CzechMeOut,0
406,-0.874403403,-0.354643015,-0.273655303,-0.102704401,0.076479064,0.352678291,0.010693066,0.06225664,0.039505477,866,75,0,0,0,6.598174217,249.4101086,25,0,134,Game Kgamone,0
407,-0.806064457,-0.297626033,-0.33679483,-0.140861006,0.032129992,0.362479057,-0.007823887,0.087892373,-0.080325955,1204,292,0,293,0,2.375887367,44.62075674,25,0,174,TeaTime13,0
408,-0.916615628,-0.376723326,-0.265379249,-0.089962258,0.054025249,0.346474652,0.023989556,0.04084368,-0.017246916,353,0,1,19,0,8.599362599,3.662069748,25,0,780,lydialetaru,0
409,-0.860254454,-0.359836447,-0.273943334,-0.102025537,0.076034128,0.354635568,0.000359504,0.043311234,-0.030059709,803,42,0,95,0,25.32666731,81.71478613,25,0,150,ShevekAnnaresti,0
410,-0.531298984,-0.323763024,0.283432939,-0.242745839,-0.038676239,0.753423237,0.126834714,0.063691897,0.08656825,1367,280,127,31,2,137.2606917,939.6315769,25,410,3987,Bman,0
411,-0.711849745,-0.296822384,-0.270686018,-0.131451746,0.1854426,0.392677691,-0.019361492,-0.027525526,-0.071742754,2014,267,110,197,1,114.1753745,144.0166673,25,4,3172,richardbrinkman,0
412,-0.854760193,-0.461115589,-0.327683179,-0.075601907,-0.059188471,0.330350707,0.075011451,-0.068632488,0.037198769,0,0,2630,0,0,0,9.732673818,25,0,2354,homeslice60148,0
413,-0.849276815,-0.421495389,-0.219311138,-0.064769488,0.152196505,0.364956244,0.067541023,0.010015701,-0.031847388,102,4,0,0,1,84.50356497,196.5068756,25,3,607,Yoshinion,0
414,0.020233679,-0.043409358,0.002281311,-0.259019716,0.221497246,0.746463722,-0.390377218,0.032028323,-0.08511644,8240,319,0,959,24,274.691025,1329.476547,25,277,164,kirisha mv,0
415,-0.648686352,-0.395454382,-0.122841157,-0.087051589,0.312421088,0.441522367,0.047285605,-0.06194334,-0.020713692,1421,101,4,21,2,213.7129295,574.6644374,25,45,3112,raymondnijssen,0
416,-0.189664401,-0.22845487,-0.153474403,-0.27455456,0.112658703,0.572528209,-0.291667769,0.20464956,-0.089859115,5450,174,0,985,0,140.9757257,1384.971279,25,175,163,krishnaveny,0
417,-0.909081373,-0.339563566,-0.272466764,-0.106103684,0.054672595,0.348509341,-0.018787411,0.028950054,0.011101092,1015,0,0,0,0,0,0.86013359,25,0,134,Maipelo Hosia,0
418,-0.594445074,-0.601795349,-0.472251317,-0.039883607,-0.233368984,0.323370275,0.145351771,-0.238823584,0.195549037,178,116,7933,59,6,4.76537335,515.2503739,25,0,3007,SimonPoole,0
419,-0.254547679,-0.36031362,-0.033394333,-0.230200993,0.049695136,0.61917705,-0.103064674,0.169384384,-0.321502394,2461,133,0,1100,0,201.6035627,817.7654256,25,238,163,parimala,0
420,-0.866923859,-0.268153309,-0.28453338,-0.138747094,0.0739847,0.35701164,-0.104883114,0.000482249,0.049466405,2396,12,0,0,0,0,16.24014886,25,0,134,sefemobogatsu,0
421,-0.88385295,-0.293320667,-0.280818207,-0.127124688,0.066170082,0.354064227,-0.070276441,0.010141617,0.033365616,1867,17,0,0,0,0,0.3423166,25,0,134,Lorraine Kewagamang,0
422,-0.881498479,-0.425827393,-0.266817104,-0.087237417,-0.023317673,0.357380677,0.064857619,-0.011879716,0.010348812,14,0,1374,5,0,4.431856748,14.42790344,25,23,3716,samlarsen1,0
423,-0.932308827,-0.385327711,-0.266410569,-0.085759533,0.0420129,0.343399527,0.037392195,0.048921365,-0.013932302,132,0,14,6,0,0.205479274,0.818506847,25,0,2159,ngt,0
424,-0.925853618,-0.366731882,-0.270436504,-0.093864555,0.046842388,0.34605927,0.028345654,0.043450047,-0.00553303,379,34,0,0,0,0,0,25,0,134,Kehumile,0
425,-0.828446824,-0.373950076,-0.291656368,-0.110897749,0.002801939,0.358360801,-0.011477948,-0.002995369,0.009242087,1056,12,1150,92,0,7.636399495,73.61575312,25,14,1865,harrymahar,0
426,-0.218169568,-0.283486826,0.007149902,-0.216461708,0.358764417,0.612327111,-0.13023678,-0.046201658,-0.116676693,4584,224,0,566,1,333.6734914,1085.674622,25,183,163,R Ramany,0
427,-0.883458399,-0.398473489,-0.296920582,-0.092220671,-0.00234097,0.343364326,0.039780956,-0.002167893,0.00584099,346,33,1121,28,0,0,0.112123346,25,3,2972,nogajun,0
428,-0.853894961,-0.426321783,-0.237767997,-0.071755208,0.11505346,0.357483769,0.061640108,0.052244347,-0.024196048,1,1,1,44,0,55.40241354,261.8211046,25,3,915,nicojp,0
429,-0.735688445,-0.479403696,-0.145168372,-0.069668334,0.15970245,0.416823218,0.115796941,-0.091960739,-0.0405752,15,0,1223,0,0,159.8605428,266.4562126,25,54,2725,posiki,0
430,-0.798302629,-0.498644701,-0.344192001,-0.070141015,-0.080611018,0.330611118,0.091902692,-0.12504502,0.053197526,2,0,3740,9,0,17.50303049,59.47554392,25,2,956,Sunfishtommy,0
431,-0.9378008,-0.39149233,-0.264628067,-0.082640939,0.040967023,0.34263011,0.04609676,0.051760681,-0.016239313,0,0,1,2,0,0,0.024796056,25,0,984,aAXEe,0
432,-0.86185431,-0.398852779,-0.276302686,-0.077551713,0.053571346,0.350572316,0.028351717,0.020891161,0.008144364,467,0,636,30,2,22.09521241,151.8936545,25,0,1715,uswatunkh21,0
433,-0.185225558,-0.175776444,-0.137633389,-0.284603527,0.196403683,0.576384716,-0.333362406,0.089312167,-0.08911581,6426,174,0,876,0,192.9981884,1153.8296,25,163,163,nathees,0
434,-0.879623635,-0.358536168,-0.25512793,-0.105940863,0.046890746,0.362943685,-0.004753894,0.045791993,-0.020118194,766,0,0,72,0,11.05290059,43.11913151,25,15,943,Eysler,0
435,-0.893478836,-0.371261035,-0.254022381,-0.08206668,0.081117642,0.356296973,0.01968391,0.027431077,-0.00805526,552,3,0,3,2,26.68046803,61.82860521,25,2,83,sarajoha,0
436,-0.884009247,-0.403689569,-0.275141438,-0.085122495,0.040126992,0.347663699,0.049057341,0.013947739,-0.015760173,183,26,635,33,0,19.9655047,35.98418473,25,2,3143,helenst,0
437,-0.354758634,-0.60184858,-0.482410459,-0.087451719,-0.129907766,0.340916738,0.024570078,-0.021220322,0.194318551,1478,98,6711,456,1,29.30160689,1498.392369,25,2,795,Chetan_Gowda,0
438,-0.906464091,-0.376380303,-0.271842557,-0.092135769,0.047560688,0.346156207,0.022230816,0.020970672,-0.000154002,492,8,305,0,0,9.007734415,11.2025351,25,0,1260,laurabrianna,0
439,-0.07772716,-0.653808298,-0.528299022,-0.104091366,-0.093004166,0.35227798,-0.080288036,0.164905013,0.194210795,2441,25,6696,908,0,46.88802594,2493.601403,25,2,475,nammala,0
440,-0.84972507,-0.438803577,-0.260058866,-0.070541386,0.085856163,0.346175559,0.056624893,0.143754063,0.083287025,30,0,0,0,0,2.970655705,693.6679974,25,0,1112,ElGrandeBanana,0
441,-0.440408837,0.462512914,-0.683056069,-0.490140501,0.12655572,0.511208105,0.154037819,0.042808537,-0.001335,6971,3285,0,525,3,0,24.62375442,25,1,1241,schmeltzer,0
442,-0.709546968,-0.429440968,-0.35147006,0.166932893,-0.113994377,0.430827175,0.086995637,-0.078247215,0.098270173,132,15,3933,53,54,15.88678158,398.6682846,25,19,3108,51114u9,0
443,-0.330973509,-0.396136122,-0.156534482,-0.132305883,0.362341248,0.477294137,-0.0728956,0.058072803,0.043955983,3308,139,474,376,1,245.5087299,1599.006614,25,62,524,Violaine_Do,0
444,-0.359366575,0.135735621,-0.419833258,-0.368883939,0.096140437,0.44350651,-0.694041764,-0.086393343,0.116371372,11190,124,882,622,1,15.91395389,324.8092463,25,30,2612,greenmtdave,0
445,-0.930647072,-0.388004728,-0.254749945,-0.087456484,0.034956205,0.351090841,0.045832362,0.054057752,-0.014743335,41,7,0,7,0,0,12.71777946,25,9,496,sambarlow,0
446,-0.892194873,-0.382104705,-0.270878329,-0.087294621,0.051206129,0.354620294,0.052916948,0.06402247,-0.036004257,97,85,0,75,1,13.18001717,70.3154082,25,4,1452,jbosch,0
447,1.541037126,0.836629972,-0.542507941,-0.814993035,0.931359739,0.731142691,-2.069564068,-0.466205407,-0.114642082,32681,195,2074,2714,1,652.5422356,2205.413576,25,55,464,kiggudde,2
448,-0.931283287,-0.388846944,-0.269048101,-0.084861716,0.039617654,0.343407183,0.049582982,0.04872279,-0.010459949,41,25,91,0,0,0,15.06542106,25,0,1596,laechoppe,0
449,-0.894152033,-0.4215716,-0.280295131,-0.077810151,0.02543832,0.340289244,0.056662993,0.043421818,0.02125663,0,1,688,3,0,0.702923759,172.6488909,25,0,1779,hadry,0
450,-0.921765072,-0.366655687,-0.274263574,-0.011967321,0.029058679,0.367607255,0.042475174,0.051042851,-0.017845365,38,4,90,19,16,0.627693288,7.522945253,25,0,3378,dforsi,0
451,-0.775650615,-0.328181884,-0.332378847,-0.134209975,0.022585389,0.365432475,0.007224307,0.02304163,-0.029505515,1290,264,966,211,0,17.24759037,109.0968477,25,6,427,Hector Vector,0
452,-0.725092363,-0.491521234,-0.356306027,-0.079815919,-0.054880197,0.335956192,0.047519234,-0.025370594,0.027688466,329,0,3079,194,0,16.95933879,360.299901,25,0,723,jinalfoflia,0
453,-0.937409902,-0.389712661,-0.26460936,-0.083340655,0.041681809,0.342815082,0.044192572,0.050692995,-0.014700783,33,0,0,0,0,0,0,25,0,64,beccabarnes,0
454,-0.935894327,-0.386922739,-0.265245537,-0.084620751,0.042365371,0.34319266,0.041808731,0.049766586,-0.013427608,79,3,0,0,0,0,0.415345417,25,0,70,Mick42,0
455,-0.416970479,-0.156151664,-0.238783453,-0.251607361,0.035708673,0.512318411,-0.27967372,0.133106208,-0.07785064,5145,229,0,759,4,59.19894455,666.9657651,25,122,163,Nithu,0
456,-0.656153203,-0.562039267,-0.441106256,-0.080262536,-0.260717034,0.329925029,0.112573364,-0.281577522,0.128231901,379,67,7540,68,1,0.046829066,65.6708784,25,18,1928,DaCor,0
457,-0.869224972,-0.37258971,-0.28938923,-0.089638678,0.033110867,0.349760209,0.001765112,0.03236608,-0.010121511,699,7,476,79,2,6.510327666,62.49584468,25,0,1763,Kateregga1,0
458,-0.931638668,-0.382071438,-0.268720721,-0.087323354,0.042049612,0.344251858,0.043164127,0.051043676,-0.015765723,109,26,0,9,0,0,0,25,0,598,LeTopographeFou,0
459,-0.535802871,-0.529785353,-0.371684331,-0.072321937,0.008870882,0.352356483,0.015047806,0.128998804,0.072631969,768,23,2797,421,2,36.07507034,1256.182236,25,0,324,upendrakarukonda,0
460,-0.483734583,-0.716134816,-0.580909747,0.011395091,-0.452942117,0.311510784,0.189417046,-0.535764544,0.230429255,47,31,13035,54,14,13.18428135,107.3765258,25,4,2797,cquest,0
461,-0.662288505,-0.62122436,-0.476012654,-0.060212142,-0.295368066,0.301688222,0.140431216,-0.352346429,0.15529757,11,0,8764,3,0,0,3.222189244,25,0,2820,Stalfur,0
462,-0.795525233,-0.330368339,-0.294331692,-0.038861067,0.072096746,0.383472281,-0.021246452,0.036172836,-0.011561902,1244,65,373,138,16,33.74443546,210.2614184,25,0,3180,frafra,0
463,-0.681213288,-0.188932663,-0.32852741,-0.195577622,0.085067265,0.382791258,-0.257957051,0.018203821,-0.033805088,4345,35,0,375,0,26.26295718,93.81559097,25,7,1432,Sowmya Simha,0
464,0.736843267,0.446766597,-0.049975395,-0.484810974,1.382302913,0.691032511,-1.236716014,-0.552919136,0.746813024,24518,150,0,0,4,706.7420672,3582.250198,25,47,1766,zabomil,0
465,-0.883519874,-0.376443047,-0.28870871,-0.097413365,0.026555905,0.344938838,0.005401142,0.033285683,-0.014527951,603,2,445,74,0,1.702383785,23.48876894,25,0,716,Miri_,0
466,-0.09106206,-0.512807989,0.05463556,-0.077018847,0.670500585,0.5828045,0.073534108,-0.000602927,0.011797498,2648,216,0,318,4,488.8983935,2350.33254,25,118,1403,MarTintamarre,0
467,-0.855894001,-0.372431308,-0.310225526,-0.084550806,-0.000595624,0.34942911,-4.99E-05,-0.00510288,0.007776766,847,17,1147,68,4,0.08936429,16.15513747,25,0,1050,SANA Ibrahim,0
468,-0.9283235,-0.388428992,-0.263598867,-0.08598799,0.038508306,0.345942891,0.039766835,0.054566578,-0.019830526,77,0,0,21,0,0.490184318,8.468420046,25,3,1755,LordOfMaps,0
469,0.50453458,0.072057675,-0.534474146,-0.427008468,0.426189479,0.517269789,-0.795662601,0.29315789,0.244860691,14338,656,1229,1515,0,189.6956688,3437.453316,25,16,960,naomiangelia,0
470,-0.443726399,-0.258871185,-0.266792803,-0.169873533,0.317387834,0.420014629,-0.252271039,-0.08628196,-0.220344517,4609,1,0,641,0,235.364919,212.9195451,25,0,220,dygeza,0
471,-0.447480558,-0.172583928,-0.312807731,0.036190984,-0.22610984,0.618734709,0.097716703,-0.153090846,0.033906722,2468,852,4863,353,64,49.56498092,198.171673,25,162,1615,GOwin,0
472,-0.372247113,-0.428829025,-0.268870513,0.11327083,0.102148142,0.51158374,0.016540037,-0.061098313,-0.142677076,1333,88,2912,600,49,210.4994763,721.8308747,25,55,1333,Sam AGBADONOU,0
473,-0.858119769,-0.379055119,-0.269377769,-0.0941368,0.044555471,0.358739618,0.00732643,0.036233967,-0.025744124,624,2,338,97,1,19.00594127,76.82330201,25,9,1645,jbelien,0
474,-0.364030599,-0.172771231,-0.18121382,-0.137514888,0.241956093,0.530564636,-0.284091192,0.009611033,-0.008651481,5693,78,0,506,20,177.9884265,903.0237198,25,91,163,ThiyaSoha,0
475,0.645834359,0.941756375,-0.547442699,-0.780243963,0.478111476,0.638716166,-1.823639704,-0.266592705,0.235873978,28628,329,123,1626,4,199.4520223,1226.835653,25,68,2795,mahau,0
476,-0.93308113,-0.394444899,-0.265605275,-0.082085531,0.040783963,0.342519574,0.047018741,0.052045814,-0.010648687,6,0,58,0,0,0.145641749,25.78378341,25,0,1591,ryanbank,0
477,-0.222136785,-0.843687122,-0.610412956,0.00436735,-0.387571026,0.30656869,0.173483681,-0.264129058,0.336641415,45,2,12896,364,8,15.49086051,1631.630937,25,0,1038,srividya_c,0
478,-0.877588002,-0.293398172,-0.317682291,-0.101106495,0.052775824,0.376472967,0.127886223,0.0638111,-0.027997606,223,536,6,61,6,7.799183797,34.83045939,25,2,2032,fmoine,0
479,0.364022365,-1.291765429,-0.986033409,0.026046664,-0.938546238,0.233901393,0.334888192,-0.857017076,0.641319334,0,16,27901,534,3,25.48278945,2174.313972,25,0,2060,Rub21,0
480,-0.627023056,-0.404285487,-0.216179876,-0.096233628,0.256750665,0.39535523,-0.020009916,0.005261361,0.024837961,1855,30,403,128,0,153.0964427,793.6463224,25,10,512,lnseitz,0
481,-0.748952934,-0.281506824,-0.312977452,-0.155907406,0.037093877,0.374077652,-0.122458954,0.061591274,-0.021447609,2486,72,255,288,0,5.262495456,187.1742506,25,14,777,UncheckedError,0
482,-0.866059942,-0.39037619,-0.249287035,-0.086237917,0.099276105,0.356323342,0.03036188,0.000375046,-0.009060737,552,5,295,0,0,48.63500404,93.79991109,25,2,1223,andrew_dc,0
483,1.461817795,1.198363345,-0.741872074,0.0394933,0.344932293,1.156494616,-1.213311329,-0.245433628,-0.071637739,25767,2489,4503,2597,209,443.1992736,2163.066508,25,184,820,tasauf1980,2
484,-0.807691518,-0.36050207,-0.302402368,-0.045457071,0.035445324,0.375191231,0.009159943,0.052009136,-0.023892327,738,76,591,165,13,19.49424507,197.0068637,25,3,510,Anakil,0
485,0.15146062,0.430064475,-0.818938388,-0.082996142,0.011386419,0.650357873,-0.207781235,0.031466924,-0.143597734,9698,2504,3338,1489,94,92.69608561,774.8385084,25,1,553,MalingaGIS,0
486,-0.692328266,-0.343155948,-0.018524256,-0.182618975,-0.131431734,0.564147833,0.018803544,0.038025407,-0.054438614,1042,52,848,260,3,38.92431347,145.0419249,25,232,818,Khahliso,0
487,0.965999324,1.852999341,-0.824122158,0.15697946,0.174266891,1.116912769,-2.228633455,-0.325363403,0.271226321,35255,965,693,2065,269,87.27488912,695.1899121,25,103,294,Anjar Akrimullah,2
488,-0.642972933,-0.509792271,-0.106474889,-0.040453066,0.369286388,0.421006791,0.131737856,-0.105909749,-0.105266622,68,6,335,44,0,280.2272108,511.3380208,25,25,3087,Quinten Dengerink,0
489,0.531460097,0.00957461,-0.463276546,0.337296883,0.226906451,0.85778239,0.036808361,0.0406234,-0.060014189,6257,1815,4916,1388,150,377.0799999,2594.228494,25,127,562,manings,0
490,1.888449634,2.327393361,-1.038336158,-0.732131111,0.283052168,1.213455329,-2.527134332,-0.115285209,-0.03935959,43789,2969,16,3730,164,191.6685792,1487.464731,25,218,284,Alisha12,2
491,-0.09340553,0.143243685,-0.51504007,-0.050585238,0.049434106,0.597082647,-0.431661452,0.198350559,-0.275029914,7866,844,3,1497,71,86.4152677,679.4299447,25,46,345,ayushupreti22,0
492,-0.902272977,-0.363407786,-0.279873075,-0.09327832,0.047424604,0.350438114,0.033714893,0.057257836,-0.018115118,375,83,2,50,1,3.16882759,45.21685702,25,0,1332,Snorkle,0
493,-0.765867066,-0.366417518,-0.294468468,-0.122657068,-0.011966068,0.38331817,0.025634612,-0.042735773,-0.00052138,1127,172,1823,131,1,29.67929824,73.06765812,25,32,2194,kaxtillo,0
494,3.256774187,-0.74158959,0.372784841,0.339056676,3.216796353,1.209920907,0.172978878,-0.100385943,0.442670911,14867,2181,2768,1572,96,2200.653984,12398.01155,25,85,566,AMath,2