,c1,c2,c3,c4,c5,c6,c7,c8,c9,acct_age,build_count_add,build_count_mod,changesets,josm_edits,poi_count_add,road_km_add,road_km_mod,waterway_km_add,user_name,validations,waterway_km_add,kmeansClass
0,-0.694630986,-0.168368182,0.179077539,-0.264097439,-0.080142642,0.029436788,0.111576953,0.02743157,0.037507649,918,1217,69,0,0,0,23.13390306,251.7611037,5,ycartwhelen,100,5,0
1,-0.711116838,-0.108866785,0.499929937,-0.579225398,-0.126047734,-0.011965847,0.150152165,-0.047114569,0.043076945,454,1589,1,422,0,0,5.81441688,11.12256168,0,Katelyn Woolheater,100,0,0
2,-0.69577772,-0.298130243,-0.111429842,-0.120795832,-0.056997904,-0.08856921,0.122401781,-0.03502468,0.017096929,1235,90,12,2062,24,1,6.194216674,64.73028797,1,miniwark,100,1,0
3,-0.702385369,-0.394588697,-1.690556332,1.352440318,0.133367094,-0.000529247,-0.270554037,0.216578335,-0.092761093,3481,412,225,44,132,12,26.37505697,274.7235331,11,Polyglot,100,11,0
4,-0.189368014,1.022273864,-0.693647924,-0.073522889,0.396044468,-0.178189545,1.059442919,0.157226973,-0.104939051,1443,944,5686,1455,521,187,32.83497509,295.6971337,21,Suthakaran,100,21,0
5,-0.694462984,-0.221375927,0.221881826,-0.270965956,-0.062487007,-0.001180101,0.161218998,0.037002165,-0.029359307,881,338,11,0,79,0,35.26022389,174.0504123,26,ArticCynda,100,26,0
6,-0.791645596,-0.33835979,-0.702953059,0.468102137,0.005358121,-0.027902855,-0.044825033,0.090683557,-0.0430851,2108,0,0,264,1,0,0.508182614,0.292077911,0,DanJSY,100,0,0
7,-0.702670042,-0.116379192,0.646077396,-0.732407054,-0.13154573,-0.028680025,0.242520742,-0.00376496,-0.021383534,233,729,76,148,126,1,4.241991743,20.33613117,0,dutch_validater,100,0,0
8,-0.610468339,-0.124167995,0.59736942,-0.517982889,-0.087323725,0.087147396,0.182453125,-0.061515715,0.032547499,418,1742,12,0,0,0,92.34653646,289.9093784,34,Nedran,100,34,0
9,0.142636689,0.638917544,0.259742047,-0.557126532,-0.384248077,-0.240704293,0.194019757,-0.080029175,-0.12089136,542,7816,2692,4325,1235,24,43.17803163,294.5810769,89,Eric Xavier,100,89,0
10,0.847535318,0.461243405,3.550431106,3.81962033,0.103753913,-3.304981869,0.34423876,0.281241211,0.048085018,993,7933,189,0,941,1,13.09009771,607.9325369,3579,fifiQn,100,3579,0
11,0.143852214,0.957080214,0.303072564,-0.651512863,0.31896216,-0.103429583,-0.241667426,0.069624021,-0.165878648,554,10956,1706,19,1358,168,68.91947499,446.4834169,32,chandani munasinghe,100,32,0
12,-0.336658164,-0.031503461,0.50084112,-0.314506769,-0.09031662,0.208653767,-0.015858481,-0.159568859,-0.145128473,645,4295,7,0,403,0,238.1644024,174.0918337,54,Herbert oscar ngowoko,100,54,0
13,-0.555951675,0.049732784,0.669474357,-0.658411462,-0.171211063,0.088179958,0.069826302,-0.034198579,0.165523637,269,4122,169,0,0,0,31.74081649,539.1375216,6,Ken Schafer,100,6,0
14,-0.537113816,0.117195361,0.637913587,-0.64341801,-0.180034862,0.093365798,0.095740188,-0.040974198,0.170239522,290,4433,433,4,0,3,33.02672907,515.0466621,5,David Kewley,100,5,0
15,1.012355047,0.46434165,3.730088614,3.467737493,0.080161583,-3.126241239,0.363702821,0.35886391,0.131183598,624,8598,203,0,1064,1,48.147078,1480.604405,3474,montshyqn,100,3474,0
16,-0.653874854,-0.27995663,0.250048031,-0.459766087,-0.094701899,-0.114174362,0.226373454,-0.125705853,0.052943351,715,98,2,3069,0,0,16.792,53.84710811,4,SReed,100,4,0
17,-0.433109103,-0.611363329,-1.429741811,0.751781046,-0.003546615,-0.389716112,-0.090250954,-0.326669349,0.154914946,2828,247,25,10370,21,3,9.66298552,84.47003374,9,eireidium,100,9,0
18,-0.411606504,0.231530461,0.296914437,-0.477636253,-0.145089091,-0.008363855,0.136859434,0.048145649,-0.103624469,646,3867,1123,0,566,23,35.96589698,150.3268218,8,mackie dee,100,8,0
19,2.20596188,6.623222366,-1.625224545,-0.042407111,-2.712289762,0.319569994,3.291008872,0.251690636,-0.135247244,1009,31539,28929,0,2974,23,0,9.960796168,0,Raph Reyes,100,0,2
20,6.863811604,-0.664818718,4.411243477,4.512132729,1.212090809,1.323053181,0.463236219,0.34061064,0.265695236,871,23062,608,3186,3919,14,3253.138149,18980.58016,3327,sophs74,100,3327,1
21,-0.041681251,0.011319719,-0.940973803,0.795966021,-0.090282072,0.232945161,-0.020862276,0.204416869,-0.075526756,2453,4208,1681,516,694,1,213.3892225,1534.857806,47,m902,100,47,0
22,0.944137883,-0.291156824,0.696163633,0.442806691,0.216263039,0.703243171,0.120862603,-0.04071881,-0.425775406,1010,5141,265,0,1468,10,888.852666,3212.309324,367,PaulKnight,100,367,0
23,-0.018946847,0.738384219,0.228807672,-0.278129394,-0.418932051,0.06526824,-0.91123256,-0.101291572,0.074936995,934,16378,273,0,983,4,10.72725316,159.438919,9,mariobelseran,100,9,0
24,-0.693279773,-0.248017491,0.305712555,-0.502949677,-0.103437092,-0.107137304,0.221460383,-0.090605171,0.039298079,646,144,0,2355,9,0,0,0,0,dickies,100,0,0
25,-0.318486081,-0.053744709,0.484831116,-0.339511028,-0.10620039,0.129041351,-0.007757343,-0.017926238,-0.07283329,646,3965,22,0,468,0,165.4148908,630.2767622,67,bIN Tuji,100,67,0
26,-0.119939819,0.327777204,0.423318083,-0.277787799,-0.134659307,0.222927801,0.233920774,-0.104173237,-0.124747282,645,5377,1682,0,550,18,257.889739,505.590413,83,lucyalice,100,83,0
27,-0.44811911,-0.48510067,-1.465842998,1.026295846,0.016443669,-0.219084835,-0.249292022,-0.1308626,0.029998599,3069,1526,15,6155,186,1,47.51602451,184.6805244,40,Sparks,100,40,0
28,-0.27868875,0.129410336,0.403800071,-0.339516621,-0.161283033,0.216091564,0.200350477,-0.108418668,-0.175279562,645,3837,1082,0,499,1,230.6072519,229.0657884,35,MGAZA ABDALLAH,100,35,0
29,-0.583259743,-0.098491407,0.296526335,-0.434633627,-0.136933574,-0.045586148,0.071431005,-0.031475441,0.000382042,712,2271,101,1164,223,1,16.0625974,117.9879317,7,Blarneystone,100,7,0
30,-0.722396609,-0.267524934,-0.064075604,-0.144129377,-0.067817769,-0.074836805,0.109910057,-0.020971554,0.006722212,1185,284,6,1505,22,0,0,0,0,Raretrack,100,0,0
31,0.347281342,1.177933766,0.247996288,-0.246750992,-0.572986953,0.147998045,-1.358174939,-0.189737449,0.100002838,960,23666,522,0,1410,5,50.25485705,225.0980119,11,PutriRachiemnys,100,11,0
32,-0.377771092,0.082543346,0.513043466,-0.626441942,-0.206706227,0.033258788,0.021097162,0.111445056,0.016064803,419,4322,398,0,536,2,19.85571241,769.4984695,0,Nodes&Roads,100,0,0
33,-0.632795063,-0.54823403,-1.852239279,1.295717613,0.051084613,-0.207728953,-0.244225608,-0.050213401,0.018684349,3547,137,116,5234,26,0,0.432633831,3.664191287,2,seav,100,2,0
34,1.761768978,1.188080496,0.00970774,0.421335912,-0.12690751,0.097624982,-1.389300902,-0.034406423,0.100297482,1594,26931,1213,4864,2647,89,417.3791294,3451.105677,335,YalCat,100,335,2
35,-0.725878273,-0.065673561,0.695152294,-0.745671487,-0.146203856,-0.004675418,0.216432086,-0.036478385,0.040279255,184,1462,87,0,0,0,0,2.224931038,0,Marie-AndrÌ_å©e Drouin,100,0,0
36,-0.465835816,-0.687507078,-2.225115407,1.723869142,0.14164847,-0.105244746,-0.317100334,-0.123455567,-0.02956767,4130,159,14,6202,75,0,132.3079671,251.7645158,23,robert,100,23,0
37,0.634114015,1.45379221,0.622117321,-0.421249733,-0.6488019,0.110810469,-1.07413665,-0.104413177,0.151298402,486,24532,1755,0,1618,12,78.22071379,913.5596647,120,David Rule,100,120,0
38,0.270977374,0.733731664,-0.365475092,0.40331055,-0.396996738,0.12108542,-1.161913767,-0.107149489,0.011189008,1865,18553,398,712,1270,0,117.5222346,493.1329867,69,Adhitya Dido,100,69,0
39,-0.784117923,-0.441507294,-1.516239374,1.195598804,0.085917006,-0.005959223,-0.24602596,0.189610784,-0.073270209,3245,0,2,18,37,1,6.989973462,147.0592036,0,MKnight,100,0,0
40,4.118308326,0.581299626,0.584153869,-0.209616558,-0.470967054,1.063835211,-1.047934104,2.320423925,0.857512756,809,26995,2319,0,5215,0,587.8398615,16582.83527,258,armasari,100,258,2
41,-0.787801433,-0.309253129,-0.514597282,0.327844476,-0.008390166,-0.027545373,-0.005832177,0.092863003,-0.043060015,1866,37,0,1,13,0,0.299763355,15.44766447,9,mueschel,100,9,0
42,-0.748786608,-0.120341191,0.73020098,-0.782401593,-0.129174219,-0.01414367,0.25849042,-0.022886002,0.022881457,134,687,2,0,0,0,0,14.40910342,0,kabelo jaba,100,0,0
43,-0.777426283,-0.512992391,-2.016419418,1.592903886,0.108708964,-0.059426363,-0.361248947,0.148927361,-0.067006251,3902,128,0,1281,12,0,1.043496366,16.3049906,0,Russ,100,0,0
44,10.65928599,-2.810284169,3.235380878,2.523897785,2.525249501,8.768990414,1.72784092,0.066613607,0.272815279,426,18226,1665,0,4370,6,6734.902125,35526.65742,566,tonybendell,100,566,1
45,-0.342346172,-0.27923691,-0.951643841,0.590385772,0.123310804,-0.033680538,-0.101547977,0.008842491,-0.016461651,2372,1888,366,3387,355,32,108.1913324,717.0756555,13,bgirardot,100,13,0
46,2.762868746,1.446444233,0.77791967,-0.063546378,0.749373515,0.881390346,-1.032008323,-0.46930524,-0.278005688,645,28592,1809,4969,3212,248,1187.992905,4608.99884,304,amour_nyl,100,304,2
47,-0.243519998,-0.360715374,-0.519373256,0.563808672,0.064444714,0.010381495,-0.065230324,-0.019941503,0.064833831,2026,2261,29,3132,240,8,179.902209,1178.442628,127,ninjamask,100,127,0
48,-0.525824362,-0.23230607,0.024018364,-0.355682678,-0.064757324,-0.161818378,0.207851944,-0.186311141,0.121998134,944,931,303,4906,21,13,21.74625661,223.0016448,0,CourtneyMClark,100,0,0
49,-0.499829773,-0.000935752,0.761660004,-0.550790829,-0.105183896,0.110339318,0.254033002,-0.093345633,0.064570513,245,2656,409,0,0,3,132.4200064,448.8233114,81,SrinathS,100,81,0
50,4.334251892,0.967810719,7.184579851,7.876647643,0.388401376,-6.657191009,0.767199848,0.232057862,-0.198306841,796,18247,1269,11324,3825,32,599.1466137,3867.074402,7410,tshedy,100,7410,2
51,-0.584468051,-0.273742683,-1.08224613,0.812018795,0.009542147,-0.013031804,-0.286013877,0.112664734,-0.02227157,2650,2446,46,893,218,4,24.90802564,343.1232779,11,tgertin,100,11,0
52,-0.113872916,1.091756973,-0.002538233,-0.418410215,-0.246800902,5.99E-05,0.540228293,0.067624739,-0.056169536,744,7188,4592,1,736,68,22.42794861,154.5034298,7,paul evance,100,7,0
53,-0.2512189,-0.013084472,-1.125341097,0.888884078,-0.108891139,0.017130358,-0.400149151,0.164962533,-0.191242415,2724,5397,711,505,845,1,84.36147512,456.8076564,41,tekim,100,41,0
54,-0.247762349,-0.752116574,-1.459986942,0.538574041,-0.061109902,-0.628574817,-0.000243566,-0.619505208,0.282011932,2679,7,7,16605,11,1,1.775933489,29.35672145,8,Hjart,100,8,0
55,0.967837473,0.58166426,1.620242892,1.049244228,-0.129750372,-0.688097676,-0.375444856,0.188345708,0.136363039,707,14737,538,0,1409,12,290.5086487,2719.819014,1240,GeoFrizz,100,1240,0
56,1.989248026,0.234454205,-0.006680074,0.388679171,-0.282432505,-0.179214009,-0.158251513,0.152055122,0.228516074,1441,13710,2333,12041,2541,14,469.2286607,5598.408291,475,RAytoun,100,475,0
57,0.147811189,-0.174030341,-0.435458563,0.460070892,-0.026817355,0.314158514,-0.346050555,0.195424604,0.330522188,1924,7179,85,1824,441,1,218.5910889,3016.683694,53,mzve,100,53,0
58,-0.597251862,0.195071298,0.771461405,-0.754782337,-0.231569744,0.049793301,-0.073574589,-0.134295598,0.16139425,134,6114,59,0,0,0,0.608748196,2.062362462,0,olebogeng,100,0,0
59,-0.633296713,0.123651644,0.760895576,-0.760192683,-0.208678886,0.032983593,0.010517822,-0.107490023,0.127825489,134,4809,68,0,0,0,0,0.461365398,1,Pearl kgotla,100,1,0
60,-0.195257624,-0.355743493,-0.631624243,0.693901122,0.092436079,0.328456915,-0.108542349,0.023207347,0.144716167,2204,3147,110,1415,55,2,279.7825339,1805.932941,53,Dirk V,100,53,0
61,-0.714146736,-0.038073377,0.73384952,-0.775553284,-0.156932128,-0.000231781,0.20230074,-0.047248999,0.051474706,134,1849,95,0,0,0,0,1.233044301,0,Kutlo Oduetse,100,0,0
62,-0.595314279,-0.273248329,-0.574261051,0.267759012,-0.009269603,-0.099321249,-0.083277826,-0.043622002,0.036996461,1868,1657,20,2795,102,10,14.9371164,153.8047986,3,Dewi Sulistioningrum,100,3,0
63,0.266833107,-0.886333784,-1.748789853,0.852487206,-0.096255729,-0.990917649,-0.064039344,-1.032983775,0.410784289,3083,1892,59,25221,205,0,85.41205948,173.1221568,172,LLAQWA,100,172,0
64,-0.695479159,-0.262041221,-0.751632211,0.486373687,-0.028460714,-0.044885378,-0.138571797,0.045401466,-0.018401217,2159,1522,66,1017,87,1,2.299136337,15.9461405,0,Adityo,100,0,0
65,-0.184303806,-0.47119011,-0.734506904,0.482464296,0.032190677,0.065809076,-0.023140124,0.315502432,0.267057629,2146,1242,176,2815,292,2,76.07628888,2627.04985,30,michael63,100,30,0
66,4.240622046,0.514193297,5.115469252,5.994885071,-0.109348534,-6.35779137,0.294392211,-0.199728568,0.2235468,1155,19049,892,27481,4099,6,213.5049768,3955.504799,5981,DeBigC,100,5981,2
67,12.72039124,-4.601077128,-2.583370164,-3.390692333,-0.876685473,-3.215696118,0.298997992,-0.405416792,-0.398072544,990,6053,263,124918,16710,5,1675.740635,26426.10582,116,RichRico,100,116,1
68,2.158054645,1.056378037,0.572756498,-0.304537019,-0.650847765,0.220112822,-1.426926327,0.441741876,0.141676561,707,27914,1039,4089,3547,0,333.6598165,5526.767103,231,Fatisya Ilani Yusuf,100,231,2
69,-0.261079717,0.162215127,0.673236231,-0.610681103,-0.204441932,0.119147938,-0.169040135,-0.054691929,-0.039080523,328,6837,38,0,611,2,118.2953849,471.2700425,26,ForrestLM,100,26,0
70,5.328125572,0.387487768,2.154688085,4.784943891,0.627586526,0.435859121,1.745146731,-1.961989456,-0.560831962,2264,17186,7147,19605,2332,20,3077.614772,7198.256351,2916,bdiscoe,100,2916,2
71,3.145279211,0.854322264,-0.104520001,1.284736354,0.251416615,1.879879492,-1.842302645,-0.849108964,0.305729479,2309,36060,223,6441,2207,69,1619.131515,6731.543135,191,Palolo,100,191,2
72,0.550241801,-1.272220887,-2.014638946,0.177063525,-0.207644691,-1.432860173,0.180005709,-1.671827,0.750667791,2768,197,21,39556,37,0,23.97646785,104.5333563,5,CloCkWeRX,100,5,0
73,-0.72533811,-0.343959988,-0.561317184,0.283956397,-0.023553841,-0.08434559,0.001702678,0.001009601,-0.004339544,1865,160,2,1867,13,0,2.254778944,1.839393519,0,wulankhairunisa,100,0,0
74,1.226107608,3.524259901,-0.915688701,-1.474957271,7.861171378,-1.164190235,-0.763967947,0.105064718,0.199058665,1238,16468,844,1658,1423,1783,250.8163201,2328.314146,44,Giblet,100,44,2
75,0.483231374,1.231173982,0.169973702,-0.454851539,-0.106431937,-0.063124412,-0.357174426,0.160871482,-0.196845373,751,14884,2785,0,1878,109,72.28376177,846.7662702,68,elia dominic,100,68,0
76,3.527917484,2.082952739,-0.055534007,0.542136061,-0.951711372,0.655732164,-2.772682862,0.948888556,0.253848768,1865,47057,1945,0,5288,2,456.9728605,8461.502281,281,Tri Selasa,100,281,2
77,-0.253565149,-0.322755402,0.432907282,-0.232201456,0.010504722,0.178607657,0.232283658,0.172887934,0.022048396,751,683,31,10,365,1,200.0870984,1794.807833,98,funk_soul_brother,100,98,0
78,-0.598099385,-0.279829623,-0.459344056,0.233430259,-0.035585969,-0.049533354,-0.053212023,0.007949937,0.038349246,1757,1498,16,1933,97,2,25.30906367,327.7559251,12,Super-Map,100,12,0
79,-0.177824994,0.622252845,0.040795193,-0.645188857,0.895442656,-0.286540883,0.126352442,0.003684673,-0.050346477,751,4528,1324,2191,694,257,33.24255372,339.9653561,14,innocent maholi,100,14,0
80,7.120277015,17.21216338,-5.632946616,1.321655731,-5.43647149,0.618479131,6.456109434,0.035646047,0.20658875,3061,91345,69599,6177,7059,308,54.08714442,122.3694409,7,schadow1,100,7,2
81,-0.471500091,-0.224951154,-1.01447636,0.791622579,-0.013189451,0.097733516,-0.143301869,0.150458898,-0.161718506,2559,1885,549,1,439,0,110.2876334,443.3538414,11,Boggedy,100,11,0
82,0.554622694,1.289995051,0.807751539,-0.547101625,-0.592894701,0.39105104,-1.433999756,-0.422016241,0.143853764,333,26703,232,0,1341,1,223.7325346,367.3637066,14,John Peeters,100,14,0
83,2.789597,2.737523551,0.053843672,-0.16092562,-1.31431466,0.218741723,-2.953608055,-0.662856136,0.502012528,1182,53945,2401,10522,3750,2,302.6396593,2816.494474,94,rivw,100,94,2
84,3.916832171,-1.036023621,1.803431513,1.763280792,1.29445972,2.329431769,0.87736244,-0.489735899,-0.175227727,977,7569,704,5179,1866,75,2685.497406,11541.74534,1031,hebolz,100,1031,2
85,1.104232365,-0.3425211,0.920160908,-0.011364992,0.009329735,0.14245911,0.403016128,0.317237706,0.018957134,492,3550,852,4249,1601,1,543.9493605,4915.896773,467,jharps,100,467,0
86,-0.306262373,-0.064479073,0.142005276,-0.333411755,0.000173828,-0.01141227,-0.036586325,-0.07340799,-0.028164716,912,3700,94,2438,491,30,104.9223955,512.1839681,10,Leonmvd,100,10,0
87,-0.130715917,-0.365612973,-0.941654027,0.576278102,-0.006970409,0.011126194,-0.205709523,0.132175572,0.120378276,2374,3095,178,4093,519,5,100.6866721,1766.787851,8,russdeffner,100,8,0
88,-0.379883594,-0.601038207,-1.703529737,1.139749119,0.0387602,-0.219375571,-0.170365547,-0.06470382,0.100067102,3318,379,191,7231,172,0,45.83053264,739.5366934,21,Tallguy,100,21,0
89,-0.797337701,-0.401022005,-1.283705421,1.012283538,0.057808943,-0.025749808,-0.19656132,0.152840931,-0.068998164,2936,98,5,39,17,0,1.897078743,26.67992947,11,cucu,100,11,0
90,1.39213326,0.982127764,0.903822977,-0.84075018,-0.564175275,0.343192309,-1.178076344,0.421909517,-0.008703571,93,23241,604,0,2939,7,235.7418337,3944.454696,49,MutyAfadila,100,49,0
91,0.826587668,1.196132687,0.426070588,-0.402020218,-0.577065134,0.142953053,-1.44869273,0.042883277,-0.058119922,751,24915,480,1,2308,13,111.1442488,1327.626408,50,Nuru Kalulunga,100,50,0
92,-0.182911244,0.322993291,-0.496711929,0.062384755,0.272882017,-0.229195015,-0.246642284,0.001969781,-0.059269271,1668,6352,848,2770,789,113,15.77294327,247.6425418,39,Ramadyan,100,39,0
93,2.339141993,2.589344642,0.623380375,-0.482405934,-0.843787775,0.460696839,-2.929409348,-0.189086173,-0.257724176,645,48272,980,0,4395,61,375.7605155,1857.360143,50,Hawa Adinani,100,50,2
94,-0.531347225,-0.189923836,0.284230406,-0.539733776,-0.152066148,-0.151699314,0.112039214,-0.133027551,0.001397084,645,1667,0,3508,280,0,10.41909229,4.53421811,0,iddi_chazua,100,0,0
95,3.52363814,2.014864428,0.736514039,-0.182600589,-0.125683843,1.308215434,-2.349887286,-0.072738571,-0.657154181,751,43082,1225,0,5282,128,1187.927405,5332.13539,100,tonny john,100,100,2
96,1.304871464,1.263904252,0.858153243,-0.8753234,-0.714762148,0.170865723,-1.310332739,0.275739307,-0.260902445,92,25167,975,0,3269,4,173.8497881,2376.621391,53,Adriansyah,100,53,0
97,8.056387254,-3.02036464,0.489682313,2.819648629,2.743784661,6.943237899,1.941819842,1.143929203,0.775012211,2737,2243,2180,26,2895,108,5038.79811,32229.55771,178,Johnwhelan,100,178,1
98,3.86479722,2.819854403,1.022218199,-0.422427763,-1.246048516,0.864643899,-2.124628759,0.684371641,0.188346396,212,49716,4624,0,5448,2,615.9826966,8140.260577,273,DaryR,100,273,2
99,-0.003119179,0.684008164,0.508103742,-0.595646934,0.262232001,-0.303630974,0.119126969,0.177522303,-0.251402254,405,6144,1753,0,1304,139,30.93194059,390.0721285,172,Ms Kiara,100,172,0
100,3.893126691,2.690019653,0.22125609,-0.504905042,-0.420335774,0.391245444,-1.316667389,0.261489416,0.149614765,644,41598,6091,9412,5139,176,655.4893835,7334.898141,213,kombe1207,100,213,2
101,0.226685256,1.590164397,-0.533294524,-0.263915269,1.419275908,-0.289841014,0.066377108,0.142177274,-0.095516085,1386,10080,3689,0,1129,418,62.98197305,524.4652839,52,gafuri,100,52,0
102,0.854398246,1.172090695,0.352130542,-0.340310386,-0.210454565,0.38045896,-0.806799639,-0.09843495,-0.199467387,751,20085,1763,0,1995,69,353.7061583,1304.283645,33,Naomitall,100,33,0
103,0.629480657,0.15537859,1.097242853,1.178078757,-0.08178867,-0.895069565,-0.033764157,-0.007066205,-0.013573625,1156,8265,546,3642,1134,2,253.7849084,1568.596331,1169,Lineo,100,1169,0
104,-0.682000217,-0.315433719,-0.208635121,0.062545401,-0.026298189,-0.066559013,0.097183315,-0.029136045,-0.001855998,1436,110,3,1697,9,1,35.43698885,85.38787705,31,kingrollo,100,31,0
105,0.908736054,-0.094014787,-0.373317142,1.139278378,0.117200237,0.744128202,-0.412501855,0.124019336,-0.021144889,2331,10148,514,0,1154,4,703.4923937,3925.967303,256,zwombie,100,256,0
106,0.183372073,0.169074473,0.567495031,-0.20191781,-0.133068792,0.306414954,-0.174407407,-0.016021444,-0.049794296,675,8302,422,0,866,4,321.5686798,1583.834154,129,Ed Tha,100,129,0
107,-0.579538165,-0.188084826,-1.058891742,0.872835976,0.006162169,0.088898339,-0.251789196,0.049936694,-0.104752056,2657,2830,323,14,208,3,94.50017121,51.03402142,13,AndrewBuck,100,13,0
108,0.457063717,1.352409096,-0.739231264,0.004044805,1.00441323,-0.327600437,-0.873761099,-0.027840118,-0.070775241,1865,16698,1539,2607,1601,328,45.00917244,403.5925781,38,Febrina Dewi,100,38,0
109,1.778436846,6.769692144,-1.797614797,-3.26544309,16.89972126,-2.758849556,0.56839919,0.001074875,0.00815263,751,7253,3844,3062,1111,3743,438.2413844,1621.969276,89,johanespeter9,100,89,2
110,0.399524328,-0.559739491,-1.353742441,1.710964582,0.996422312,-0.733306295,0.023366646,0.176132658,0.389993292,3449,22,127,9734,388,176,167.3169184,3357.757732,594,Claudius Henrichs,100,594,0
111,-0.304133291,-0.424269513,0.094345789,0.087766198,0.097708809,0.335464425,0.226564545,0.06204073,-0.015892614,1223,7,13,0,146,1,301.3972209,1584.064036,60,rwst,100,60,0
112,0.073074955,-0.282118513,-0.824241095,0.673206091,0.158669696,0.304892809,-0.205509032,0.040097697,-0.123309981,2352,3906,277,2203,756,27,342.2420434,1678.684204,15,pedrito1414,100,15,0
113,-0.105364161,-0.175346802,-0.81830322,0.570567101,0.102551652,0.085822199,-0.147871655,-0.003829778,0.041448346,2252,3967,554,3417,461,32,189.7057228,1293.373002,32,Marion Barry,100,32,0
114,1.161301687,-0.800699923,0.542788321,0.151333289,0.309863708,0.891227025,0.449909008,0.014652097,-0.044375774,915,1279,96,4398,1124,4,953.4125856,5397.889405,202,Daniel Specht,100,202,0
115,-0.766821725,-0.396017808,-1.233061691,0.947616231,0.051239956,-0.009017155,-0.181547163,0.164534533,-0.0793903,2853,107,29,10,72,0,9.785768438,111.0412588,2,Ben Abelshausen,50,2,0
116,-0.617522121,-0.11569482,0.523543188,-0.553818817,-0.112427499,0.044518812,0.190705154,-0.010635819,-0.029623996,450,1354,122,0,156,0,59.69286665,194.9420127,11,alexander ballard,50,11,0
117,-0.725793019,-0.339542265,-1.522522567,1.203320047,0.039910584,-0.011072031,-0.370208084,0.162844864,-0.092237887,3263,1676,6,0,160,0,3.72429757,7.876494437,0,reg111,50,0,0
118,-0.729653162,-0.223129102,0.169535148,-0.313498301,-0.078313853,-0.030071075,0.16188784,0.02167566,-0.010342347,890,233,33,477,50,0,6.218498474,79.71354556,0,RussWinch,50,0,0
119,-0.342165408,0.466587187,0.297984764,-0.584888111,-0.058317109,-0.130372893,0.67466701,0.091720248,-0.111813467,463,1411,2905,849,557,62,23.39259223,237.6290232,54,sauri jayakody,50,54,0
120,-0.654298036,-0.343107731,-0.318862897,0.07513714,-0.032815724,-0.052491342,0.070341447,0.008184819,0.060253834,1533,235,0,2098,0,0,17.50551737,379.0866336,0,Choquette33,50,0,0
121,0.130334989,0.784111851,0.320298764,-0.492893389,-0.116004065,-0.021868566,0.2066084,-0.03068648,-0.0179249,542,8569,2811,1835,926,71,119.3254871,755.1285062,80,maheshika,50,80,0
122,0.228695483,0.264423268,0.620757344,-0.493412977,-0.232249748,0.352882045,-0.179465435,0.100245631,0.085302711,433,9289,684,0,915,0,245.2259364,2164.653374,34,Jean-Yves Longchamp,50,34,0
123,-0.276961495,-0.043513487,1.609308218,0.519080543,0.015364975,-0.724304128,0.393004399,-0.075438487,0.047827955,301,2082,16,0,0,0,146.5854781,302.9402855,981,Alyssa Young,50,981,0
124,-0.678582361,-0.201516915,0.235292853,-0.356828954,-0.082856319,0.010292805,0.189735123,0.073551187,-0.013460774,808,298,137,0,117,0,19.94282377,320.5417321,0,Jamie2483,50,0,0
125,-0.760692985,-0.222497852,0.232104841,-0.367977506,-0.080184734,-0.038245305,0.185212678,0.006771436,-0.005398081,803,57,12,463,7,0,0.11015231,1.593420179,0,Pierre Mirlesse,50,0,0
126,-0.753055251,-0.177039083,0.428833394,-0.51994052,-0.096871768,-0.014482469,0.205114234,0.0088028,-0.009162731,549,353,2,0,28,0,5.272542098,15.35270605,0,ericao,50,0,0
127,-0.585170524,0.085145143,0.389632314,-0.538647251,-0.137582224,-0.012324913,0.221655871,0.023970186,-0.025754372,535,2233,804,31,248,13,10.86652751,93.42423052,2,Eranga123,50,2,0
128,-0.683396756,-0.129551148,0.55777799,-0.632308692,-0.124760213,-0.020436684,0.197979381,0.017352746,-0.032701696,375,899,34,0,164,0,10.53230124,77.10772785,6,Speedy55,50,6,0
129,-0.550793361,0.111380282,0.474506432,-0.554594397,-0.203279922,0.049794367,0.164366444,-0.038707775,-0.013871935,461,3297,732,0,225,0,44.17229535,49.71624059,1,Richard Ruh,50,1,0
130,-0.743438473,-0.162472265,0.614557887,-0.679346233,-0.107506607,-0.00208871,0.269276156,-7.64E-05,0.014219462,292,238,32,0,0,0,10.24556963,103.2517568,0,Bradley Buffett,50,0,0
131,-0.154705875,-0.23670036,-1.452766624,1.270455009,0.031459296,0.235086678,-0.501400737,0.268846045,-0.024426229,3265,5175,272,63,616,1,170.78331,1623.963309,22,ErikJ,50,22,0
132,-0.622796004,-0.180393575,0.563308262,-0.420196496,-0.078483172,-0.054774837,0.242423406,0.016691363,-0.055825986,509,404,43,0,163,0,57.38185498,184.3145408,101,Blueheron,50,101,0
133,-0.010659473,1.812463719,-0.129570004,-0.579485279,-0.854358674,0.026562799,1.964100969,0.203137469,-0.167471687,379,2715,10417,0,787,14,0,1.933020354,2,Tin To Sawa,50,2,0
134,-0.7706757,-0.215640287,0.193426705,-0.317782091,-0.074773076,-0.022992553,0.160446197,0.033517869,-0.021775511,871,132,1,1,26,0,0,0,0,Michael Ring,50,0,0
135,-0.700235404,-0.376380487,-0.886349818,0.634332011,0.012386046,-0.075758622,-0.086034702,0.061947261,-0.047145441,2361,219,25,1414,84,0,16.27701145,72.27234564,23,RustyB,50,23,0
136,-0.68813962,-0.221682412,0.071293751,-0.157288814,-0.053606416,0.032777541,0.106710124,0.020373481,-0.046511368,1077,657,16,0,85,0,51.49654746,110.9043675,9,Sarvihepo,50,9,0
137,0.250977528,1.853835026,0.229553558,-0.596860434,-0.74561057,0.092934497,0.231405874,-0.076769263,0.079612713,392,16619,6013,0,1051,30,0,0,0,jobrianne,50,0,0
138,-0.58257238,-0.200003802,0.112048729,-0.265423725,-0.096135497,-0.040036461,0.111167505,-0.013778051,-0.065672998,967,1053,109,1296,265,0,45.14083851,116.7308289,12,bluestarfish,50,12,0
139,-0.681464381,-0.150896246,0.364398941,-0.434973172,-0.094062463,0.037817354,0.158386618,-0.038550297,0.023118125,654,1258,56,332,0,0,43.77793392,125.1451806,0,litlplastkastl,50,0,0
140,-0.592875105,-0.154036996,0.06241508,0.015631548,-0.065133227,-0.024727122,0.015204474,0.019801468,-0.047947343,1205,1967,37,3,182,0,60.14615885,142.2875999,88,anders_ar,50,88,0
141,-0.316185823,-0.120813475,1.147750943,0.74663882,0.043086722,-0.966970507,0.425147395,0.008625797,0.127246286,798,707,264,2025,0,10,20.09561256,411.812563,994,Fifi1984,50,994,0
142,-0.720419604,-0.220336135,0.147616948,-0.286972371,-0.076368266,-0.022133603,0.135880679,0.02204392,-0.006359277,928,459,3,440,54,0,9.282122355,101.809932,0,Lisa Marie Owen,50,0,0
143,-0.421465917,0.176066108,0.779869476,-0.665819002,-0.186194252,0.236597871,-0.009979243,-0.18302542,0.155835325,174,6374,263,0,0,0,139.5208641,452.4011535,1,roosjes,50,1,0
144,-0.649112703,-0.341898032,-0.937896954,0.724048037,0.019849131,-0.028625272,-0.163646988,0.151824587,-0.045358686,2474,943,13,452,175,1,19.55562555,356.8101804,28,JasonWi,50,28,0
145,2.17400893,-0.135207561,0.434383786,1.030802834,0.312600812,1.878907033,-0.424712388,-0.293895913,0.211972277,1631,16827,410,1365,1185,2,1516.230627,7250.469486,249,twirth,50,249,0
146,-0.756045612,-0.12922015,0.727366696,-0.783261963,-0.126512654,-0.017346199,0.274909418,-0.020299646,0.015234664,134,467,17,0,0,0,0,0,0,Masedi Masisi,50,0,0
147,-0.716581528,-0.411546661,-1.314805845,1.091800488,0.074288086,0.016219133,-0.216999741,0.147157565,-0.094223907,3016,383,6,45,88,0,47.59977551,161.5309573,24,StefanNoebel,50,24,0
148,-0.678844312,-0.145473947,0.555741963,-0.677158946,-0.133601218,-0.055266877,0.229190385,0.050874229,-0.102209532,346,302,75,0,304,0,0,0,1,Ajit Bhatta,50,1,0
149,-0.664559229,0.095377164,0.718535296,-0.764093455,-0.205051697,0.016767922,0.207770742,-0.065453663,0.082248127,134,2969,500,0,0,0,0,1.67336302,1,victoria khimbele,50,1,0
150,-0.789837828,-0.278832995,-0.276527432,0.100380932,-0.030514432,-0.019869939,0.053276133,0.069179958,-0.032829881,1524,37,0,0,3,0,0,1.078464591,0,latte_oz,50,0,0
151,-0.459807539,0.275214424,0.490401308,-0.6405261,-0.283280747,0.015268558,0.37838601,0.044520631,-0.035328241,338,2954,1732,0,387,1,22.10327389,229.74241,9,Mr_Callaghan,50,9,0
152,0.019886808,1.970028831,-0.144123827,-0.583562992,-0.713558331,0.031954806,1.877439386,0.154252147,-0.08273707,392,4362,10464,0,677,50,0,14.66160853,0,Jam_NOAH,50,0,0
153,-0.754530629,-0.166465321,0.548039703,-0.631494429,-0.108070732,-0.022188648,0.240646893,-0.005401346,0.013571767,378,325,5,155,0,0,0,36.71987435,0,MorelletG,50,0,0
154,-0.441927627,0.559329288,0.410162343,-0.948963171,1.608264651,-0.249964373,0.130120737,-0.040673069,-0.012259939,330,2417,45,172,210,378,74.2705662,160.8631872,2,Yang1026,50,2,0
155,-0.676610414,0.033670111,0.749322698,-0.769099372,-0.179381891,0.015983202,0.100228566,-0.077235241,0.088683269,134,3299,39,0,0,0,0,0.886667656,0,Michelle Pampiri,50,0,0
156,-0.753290627,-0.218208335,0.175956562,-0.294878698,-0.072519075,-0.020121543,0.16438364,0.041142724,-0.029515525,899,100,32,0,50,0,6.307290263,39.30473374,4,TimHarris,50,4,0
157,0.215864907,1.664506129,-1.379303017,0.433265579,-0.186649153,-0.109623615,1.360058931,0.177791111,-0.12176404,2128,4681,9297,2584,909,125,49.1728979,398.593526,30,DenisCarriere,50,30,0
158,-0.665306717,0.069509294,0.740603218,-0.766490724,-0.192964784,0.019636484,0.120469921,-0.07848714,0.093271887,134,3448,197,0,0,0,0,1.354829851,0,lorato dithole,50,0,0
159,-0.556636187,-0.15319458,0.141654746,-0.154459025,-0.063286072,0.125797943,0.026455141,0.029435976,0.106550854,1029,2562,28,0,0,0,78.30806565,728.8401938,14,JoshuaKGarner,50,14,0
160,-0.639874663,0.108409525,0.759261009,-0.762601853,-0.203662067,0.031389889,0.02069838,-0.10294465,0.122627979,134,4595,51,0,0,0,0,3.604959894,0,Anatasha Dirorimwe,50,0,0
161,-0.657217979,-0.480108375,-1.589566155,1.161918536,0.13248919,-0.102465313,-0.215433959,0.004905235,-0.038438824,3264,137,38,3141,40,14,40.67060638,42.52748391,6,Derick Rethans,50,6,0
162,-0.534944788,0.040560871,-1.066567439,0.559132066,-0.009114946,-0.099911786,0.349464942,0.056796243,-0.049425451,2324,93,2286,2426,174,32,19.26274876,89.26298362,1,Jorieke V,50,1,0
163,-0.789872628,-0.317514567,-0.55275692,0.345574659,-0.005049816,-0.018704852,-0.010943407,0.098000465,-0.037860417,1908,0,1,16,5,0,0,45.2785652,1,Patchi,50,1,0
164,-0.644264024,-0.613346731,-2.196249803,1.652486395,0.105445796,-0.170076984,-0.347033009,0.004730665,-0.007646443,4068,42,11,4642,24,0,17.50247358,79.68691225,9,Harry Wood,50,9,0
165,-0.368011905,-0.13181601,0.509909983,-0.00262611,-0.025777061,-0.127369772,0.140708458,0.062951145,-0.048480535,838,2003,111,41,352,6,118.657815,667.6187394,274,Athalis,50,274,0
166,-0.68900352,0.004342302,0.747522756,-0.771516083,-0.169536803,0.011041365,0.122577929,-0.068091372,0.078114632,134,2867,12,0,0,0,0.094844456,6.361532958,0,Kgoroebutswe Tefo,50,0,0
167,-0.670346538,0.043875726,0.753815807,-0.768096952,-0.182244613,0.018860527,0.075773191,-0.083511335,0.095810181,134,3585,5,0,0,0,0,0,0,victor kesiilwe,50,0,0
168,-0.684039407,0.016902819,0.748421132,-0.770442018,-0.173710298,0.013090238,0.112552311,-0.072568876,0.082205528,134,3054,22,0,0,0,0.144824551,0.94501405,0,DenisMaja,50,0,0
169,-0.684700811,0.015267767,0.742468023,-0.77082751,-0.174059076,0.012270042,0.139158627,-0.064686308,0.07960811,134,2837,89,0,0,0,0,19.84189026,0,Tebogo Mangole,50,0,0
170,-0.603979897,0.143788527,0.769707482,-0.751666591,-0.210310498,0.060552968,-0.01501068,-0.126973457,0.135028932,134,5291,66,0,0,0,17.19475242,29.72058111,0,Segomotso Innocentia Sekgweng,50,0,0
171,-0.694989915,-0.004450383,0.74478468,-0.772392086,-0.166922282,0.008319072,0.138503599,-0.06446466,0.071942114,134,2657,27,0,0,0,0,0.250941244,0,Tabaka Tshebo,50,0,0
172,0.102170677,-0.190081579,0.32498699,-0.210415778,-0.036983748,0.412051269,0.046157996,0.293459401,0.23933562,860,4353,286,0,505,0,253.1169194,3255.875977,33,Pattersonavh,50,33,0
173,-0.5173386,-0.354656115,0.035496638,0.018111141,0.055866884,0.189911228,0.199930174,-0.141093566,-0.096668496,1210,2,0,1080,25,3,239.7786419,308.0637611,35,Pilou@nowhere,50,35,0
174,0.302767169,1.067069286,-0.206804928,-0.033552779,1.004278419,0.069700758,-0.67092639,-0.111594401,0.020927303,1431,14581,909,22,938,285,238.0002066,844.0943065,61,dkunce,50,61,0
175,10.62021795,-2.68097794,-2.198156219,-2.68009178,-1.099963517,-2.810334955,0.365175491,-0.748880974,-0.472286727,987,12977,3555,104152,14050,17,1395.488952,19754.25146,207,dannykath,50,207,1
176,-0.687767853,-0.438776722,-1.123350621,0.726764344,0.011341592,-0.139812052,-0.119501979,-0.022190661,0.007754238,2602,203,0,3334,17,0,0,0,1,mcld,50,1,0
177,-0.503621839,-0.321652058,-0.218626979,0.158011488,0.027060657,0.191811873,0.059063178,-0.074756326,-0.082292382,1514,976,5,887,116,1,200.7569071,403.3472887,2,Lamine Ndiaye,50,2,0
178,-0.746390274,-0.381716029,-0.906178933,0.664983529,0.03619934,0.010408833,-0.087010833,0.091878228,-0.058395853,2401,25,0,402,22,0,35.00052791,106.6223973,0,matthewsheffield,50,0,0
179,-0.065283818,-0.673317507,-1.255570867,1.085067836,0.116417836,-0.2520774,-0.017414874,-0.526586547,0.04415316,2903,852,67,11211,130,6,287.9634416,383.2028246,176,edvac,50,176,0
180,0.219328552,0.107895677,-0.865489911,0.946493946,-0.050642864,0.447790848,-0.53705405,0.05934712,-0.043204998,2570,9673,731,16,831,4,352.0985067,1762.736855,54,majkaz,50,54,0
181,11.55854373,-3.970325944,-2.078237192,-2.557125397,-0.453450373,-1.561153576,0.386149816,1.291213982,0.13102132,1226,5741,1084,92343,14753,19,1645.136701,30038.23816,42,Luis36995,50,42,1
182,7.643549837,-3.659040891,-1.900142943,-2.494875962,-0.515855249,-2.703398623,0.944648851,-1.873941184,0.838059903,856,67,192,102474,8101,6,1083.381186,15563.51942,90,samely,50,90,1
183,-0.543194276,-0.181512161,-0.583130975,0.552183996,0.005203661,0.212781731,-0.166881594,-0.061577396,-0.01529669,2069,3290,136,0,0,0,167.5583693,259.8652921,13,Bkissin,50,13,0
184,-0.699816987,-0.001915129,0.72828578,-0.772574257,-0.170065363,0.005334252,0.209559355,-0.050532119,0.059662816,134,2113,221,0,0,0,0.480393085,8.985594749,0,patience mongwaketse,50,0,0
185,1.387292756,1.053450574,0.898070269,-0.757504056,-0.62147508,0.319983205,-0.912076164,0.522237546,0.194048482,94,22342,1505,0,2636,0,190.3291202,4575.132834,103,silvIasdw,50,103,0
186,-0.627587438,-0.058307719,-0.182408144,0.120640309,-0.08782766,0.08063912,-0.077764544,-0.039291903,0.035168732,1457,3410,257,0,0,0,60.39021551,66.26447885,15,ghost from meadows,50,15,0
187,-0.445758244,-0.413431609,-0.823576941,0.60395025,0.057376274,0.03918422,-0.082666448,0.292173881,-0.159901102,2313,16,46,26,574,5,84.68923941,1005.230957,24,Takuto,50,24,0
188,0.963404015,3.631009659,-0.69201862,-1.122492858,3.570458093,-0.661198369,0.494689256,0.039990922,-0.060568749,797,16586,7797,1040,1628,986,102.338689,444.344716,12,njsurf1813,50,12,2
189,0.759290169,0.03030061,1.594278338,0.479804807,0.234418096,-0.075181221,0.320239231,0.126425846,0.105200303,302,6072,557,0,798,38,542.0836878,3521.696647,879,OttoR,50,879,0
190,8.456062585,-3.765522287,-2.260065731,-2.09273502,-0.402906626,-2.226897919,0.692257659,-0.417798025,1.447645571,1507,2293,379,95481,8852,12,991.5510255,22196.17967,75,ediyes,50,75,1
191,1.44533816,0.904226023,0.419079747,-0.038015613,-0.476092776,0.376808289,-1.015289656,0.223582061,-0.386657075,959,21124,1257,0,3053,1,455.4492664,2887.27403,190,anisa berliana,50,190,0
192,2.28187931,0.913850144,0.47125863,-0.008353304,-0.376664901,1.237521789,-1.217309389,0.089605406,-0.30078279,960,26381,1269,0,3336,0,950.7748498,5197.421866,36,Dosandriani,50,36,2
193,2.977213467,-1.719596086,-0.318316143,2.679628322,1.316479694,3.355230163,0.731231234,-0.353765948,-0.217668878,3266,1236,284,15,711,5,2760.928479,11158.71437,327,rab,50,327,0
194,-0.241385915,0.074442266,0.139978873,-0.190996291,-0.014526573,0.225014394,0.504350763,-0.029451063,-0.094214395,899,1243,1848,760,327,25,250.6382975,831.005437,35,Thomas Hills,50,35,0
195,0.416072066,-0.365216475,-0.40846198,0.524722664,0.099127188,0.652772763,-0.129702133,0.349719657,0.108608381,1944,4702,275,14,812,1,450.6685256,4000.218607,25,Nielkrokodil,50,25,0
196,-0.494722529,-0.491064436,-1.241950445,1.554240608,0.135380537,-0.374420745,-0.146458132,0.07083819,-0.074072467,3254,15,15,2771,180,5,65.72533081,239.4207311,345,SKald,50,345,0
197,0.55846016,0.877073247,0.491600329,-0.722409159,0.425946689,-0.046426887,-0.631953024,0.067635645,0.025461362,441,14784,570,1689,1600,184,143.0703169,1758.207104,63,Bishal9841,50,63,0
198,-0.547868588,-0.445438336,-1.006737957,0.558019065,0.073448341,-0.159863062,-0.026636188,-0.116465008,0.038759871,2384,110,102,5133,54,16,46.52283426,197.1913492,1,sbiribizio,50,1,0
199,-0.632688223,-0.089813072,0.536444474,-0.605991859,-0.142150258,-0.030852025,0.216259655,0.034028378,-0.064459072,401,1053,235,0,264,0,16.97731543,96.34845716,18,hulagirl14,50,18,0
200,-0.000319076,-0.517019447,-1.079027907,0.809667194,0.06853569,0.047552431,-0.130010361,-0.304599448,0.068682278,2607,2769,119,7873,302,4,299.59855,1153.542404,49,NoelB,50,49,0
201,7.230576658,7.233838055,0.368840918,-0.561805787,-1.851348919,-0.249478261,-5.143481148,-0.76976364,-0.383655642,585,106115,9887,16076,10543,270,648.5010737,4085.145328,516,mmahmud,50,516,2
202,12.12045079,-4.27137714,-2.126246513,-3.165174915,-0.745001786,-2.574302943,0.317280094,0.521922283,-0.967341147,856,3670,443,106172,16996,5,1692.567285,26343.71463,112,calfarome,50,112,1
203,-0.410729352,-0.001037817,0.33626008,-0.243138415,-0.079657165,-0.202978006,0.115681124,0.019938598,0.031886735,794,2860,462,1666,352,18,14.07570974,443.1503095,155,nuts2001,50,155,0
204,-0.294960277,0.40729442,0.410529061,-0.746377224,0.71212771,-0.147094451,0.037959619,0.087928437,-0.061145044,442,4086,429,10,628,200,48.19019682,543.2075934,22,Parassrest,50,22,0
205,1.344686362,-1.145449887,-0.23754118,1.897911252,0.994679621,2.670004112,0.580836605,-1.373634201,-1.089847042,2636,121,63,20,260,6,2366.833319,2427.242845,91,Wim L,50,91,0
206,11.39460453,-4.104483084,-1.628460689,-2.787634188,-0.479900863,-1.898049224,0.498843554,1.36891914,-0.87373814,765,752,480,89385,16067,11,1671.113126,27567.00904,169,karitotp,50,169,1
207,-0.709724733,-0.170559106,0.575460374,-0.641984972,-0.102700401,0.009097586,0.247395789,0.00731629,-0.009099954,351,344,15,0,64,0,23.87225137,143.5814012,0,ILikeTurtles512,25,0,0
208,-0.618936886,-0.065561506,0.516791362,-0.586454472,-0.140524612,0.023632436,0.137272859,-0.012727078,-0.037100561,437,1988,126,0,212,0,37.2635203,79.9247959,0,IndianaJones737,25,0,0
209,-0.690148332,-0.451212111,-1.192306036,0.770958104,0.047431218,-0.150134969,-0.117411571,-0.023018092,0.011145546,2685,2,5,3512,1,6,0,7.965955919,0,skorasaurus,25,0,0
210,-0.731213414,-0.192791235,0.427308868,-0.490473508,-0.082752624,0.011380809,0.216112215,-0.007057765,-0.026148999,569,257,0,0,32,0,32.903717,31.47686368,5,Molly_Rhodes,25,5,0
211,-0.700817923,-0.121501315,0.515301839,-0.598987083,-0.125547148,-0.020230049,0.199296476,0.016377037,-0.013313808,427,924,87,0,116,0,3.429599479,70.17762802,4,pizzaallday,25,4,0
212,-0.682502002,-0.150459028,0.589199583,-0.542474582,-0.102009201,-0.04366359,0.259348869,0.010058239,-0.019660532,402,425,101,0,87,0,26.70253271,115.8037836,58,GeoCrazy,25,58,0
213,-0.711204395,-0.247350571,-0.050398942,-0.060008346,-0.050591545,-0.05586423,0.093063747,0.037538469,-0.004772079,1236,437,14,597,48,1,7.709956777,121.8202,30,GeoSebbo,25,30,0
214,-0.457985359,-0.091079326,-0.486216515,0.378973353,-0.045172888,0.011023475,-0.285595816,0.093341402,-0.085871859,1903,4179,26,0,470,8,55.9019289,315.2866168,40,matthieun,25,40,0
215,-0.647943412,-0.116223138,0.544226346,-0.550800134,-0.102917718,0.037342426,0.181069738,-0.062187784,0.026354835,435,1580,49,335,18,1,56.53359344,138.8562737,17,mopatowsky,25,17,0
216,-0.059131344,0.717596307,0.244317086,-0.64429511,0.058743043,-0.087308764,0.220039782,0.134831178,-0.256372123,533,5987,2463,26,1209,104,54.02225529,278.8095187,10,sulakshi,25,10,0
217,-0.535280896,0.027337735,0.55291844,-0.620941951,-0.185209098,0.006732174,-0.010553518,0.012634611,0.010379315,402,3908,33,0,329,0,9.751968573,249.9845936,3,somethingsimple,25,3,0
218,-0.09182072,-0.21523149,-0.166238033,-0.01542407,-0.089278397,0.017677222,-0.112991102,-0.412351779,0.046023058,1345,4962,35,6697,355,2,238.6643769,435.9842485,28,de vries,25,28,0
219,-0.796765551,-0.320781079,-0.602720196,0.389746005,-0.001036352,-0.017630845,-0.024437054,0.093677707,-0.044319941,1977,15,0,14,0,0,1.410912955,2.550897865,0,TheHammer,25,0,0
220,-0.754704759,-0.395310793,-1.707558542,1.35604427,0.065308722,-0.022718741,-0.351013472,0.158472198,-0.070638736,3503,1061,61,397,69,0,2.048593802,21.89795396,1,delphiN,25,1,0
221,-0.426511464,0.463594719,0.208147366,-0.606882078,0.114770633,-0.090682188,0.609955393,0.120146689,-0.132281569,542,1092,2614,24,508,93,17.52506015,152.3230851,2,Nileesha,25,2,0
222,-0.692755848,-0.135558695,0.635376406,-0.706419574,-0.123285729,-0.003852086,0.258799584,0.012634933,-0.015888045,258,536,90,0,113,0,16.23148581,134.6750005,1,OneStopNodeShop,25,1,0
223,-0.713375985,-0.105508976,0.637796201,-0.679693684,-0.123708748,0.017220121,0.199568241,-0.034795067,0.032846892,278,1320,3,0,0,0,18.37474224,66.31317203,0,åÅÌ_imonK,25,0,0
224,-0.774301389,-0.188450242,0.464034886,-0.554784192,-0.094770835,-0.021720937,0.235524176,0.009505457,-0.005175493,496,32,1,0,0,0,0,1.931520175,0,BrendanFitz,25,0,0
225,-0.538962106,-0.158432188,-0.435752651,0.279037703,-0.059573494,0.020502209,-0.128826586,0.116485576,-0.065444179,1779,2548,171,9,347,2,41.7137656,373.6129521,18,seattlefyi,25,18,0
226,-0.781655952,-0.224844209,0.180032409,-0.303720734,-0.069499256,-0.021333311,0.167591553,0.032562354,-0.01639335,890,3,0,0,0,0,0,0,0,bquick2,25,0,0
227,-0.741338566,-0.251947139,0.14776077,-0.313754724,-0.074392969,-0.056066803,0.175919922,-0.009888348,0.009803197,904,0,2,1047,0,0,1.073148381,38.89087317,0,Simonsan29,25,0,0
228,-0.756716459,-0.371040602,-0.889143132,0.596541724,0.009712663,-0.062349914,-0.085864576,0.060380781,-0.029634215,2338,136,6,1215,13,0,0.027753361,1.015117823,0,Jarl Arntzen,25,0,0
229,-0.693821492,-0.497195026,-1.786956335,1.469271434,0.126456906,0.041947824,-0.307007339,0.089766547,-0.097068754,3637,373,0,1046,31,1,84.24659166,110.7984614,6,LivingWithDragons,25,6,0
230,-0.747864503,-0.220079041,-0.017608098,-0.1304934,-0.066596088,-0.026351796,0.079114196,0.030927407,-0.012203514,1165,636,0,256,33,0,1.197724587,13.69511459,2,Wahaj,25,2,0
231,-0.705717432,-0.103468441,0.627391776,-0.693488763,-0.133572758,-0.01064768,0.193315056,-0.01265813,-0.000842968,279,1226,9,0,90,0,6.191308444,24.25976966,0,searker,25,0,0
232,-0.595852926,-0.02272609,0.258638541,-0.342450352,-0.151957216,-0.017647511,-0.047257188,-0.118868293,0.123859912,806,4063,33,1417,0,0,13.80191069,75.35862236,13,Mampho Shale,25,13,0
233,-0.512691991,-0.211651393,0.147336625,-0.420554748,-0.142025568,-0.160393872,0.084421078,-0.173205213,0.055852105,828,1922,12,4266,193,0,15.19885064,64.09684191,4,Dibloni Innocent,25,4,0
234,-0.785194899,-0.254772866,-0.092019714,-0.062733772,-0.047088499,-0.020237924,0.097180585,0.053744626,-0.025738735,1268,60,1,1,3,0,0,0,0,jasmin530,25,0,0
235,-0.252475928,-0.26757759,-0.01136989,0.015425789,-0.001510547,0.294214735,0.024034634,0.146117014,0.062870254,1272,2464,78,0,313,0,204.7406218,1761.071555,9,Ukundji,25,9,0
236,-0.777717286,-0.207055862,0.305538165,-0.414470267,-0.081248257,-0.021276983,0.196285572,0.021721187,-0.010880113,716,41,2,1,0,0,0,0,0,MISA_AGU,25,0,0
237,-0.554690324,-0.646715315,-1.986409171,1.312488752,0.050717411,-0.306799002,-0.251844643,-0.177061136,0.07981651,3657,41,3,8054,2,0,1.39709726,6.607407374,0,ToffeHoff,25,0,0
238,-0.752251216,-0.177101318,0.437326553,-0.518127067,-0.097942145,-0.027166238,0.208098431,-0.004573199,0.008043364,542,405,1,200,0,0,2.768420708,15.33278262,7,AB78,25,7,0
239,-0.769323315,-0.232152225,0.170566676,-0.301714086,-0.069165616,-0.025213358,0.16887924,0.024317678,-0.013500526,898,0,0,208,5,0,3.015160965,16.15575836,0,aero97,25,0,0
240,-0.624969987,-0.15158978,0.692776438,-0.653559134,-0.094776587,0.055591858,0.252358959,-0.04365088,-0.042898286,251,822,13,0,118,0,85.52187752,165.3432726,25,Lennarts93,25,25,0
241,-0.721949568,-0.288168882,-0.66752968,0.461474275,-0.007879988,0.008760495,-0.102707981,0.095793672,-0.0518359,2082,943,1,10,90,0,20.37380964,98.76146261,1,SylvainGaillard,25,1,0
242,-0.641551127,-0.230395274,0.433990847,-0.431497972,-0.043556453,0.124928167,0.238769034,-0.044131139,-0.021524579,601,337,4,28,0,0,116.9375584,295.1142446,5,Henkinator023,25,5,0
243,-0.769121857,-0.407576995,-1.449499853,1.120196454,0.057330973,-0.030856151,-0.256824866,0.129762141,-0.061193838,3139,517,9,595,34,0,3.993048856,13.75878101,0,seichter,25,0,0
244,-0.754801711,-0.136852297,0.60462286,-0.673868492,-0.112889331,-0.016204046,0.234394824,-0.012806342,0.014629638,306,602,8,0,0,1,0,2.497450144,0,HLNV,25,0,0
245,-0.769511783,-0.174122228,0.59822981,-0.674678201,-0.106124587,-0.022503459,0.270381188,0.001648108,-0.001513848,309,1,2,0,5,0,0,11.89033707,0,Saheed,25,0,0
246,-0.765301208,-0.180626371,0.567327312,-0.639271332,-0.099813289,-0.01415362,0.264418865,-0.001749183,-0.004207628,357,4,1,0,0,0,7.352163629,16.5433998,1,Lamsbach,25,1,0
247,-0.442545837,0.040805979,0.504927508,-0.59917659,-0.19803475,0.001156204,-0.075270294,0.017034929,-0.130690543,464,4280,6,0,638,0,40.24574367,88.7423279,1,Ingrid k,25,1,0
248,-0.672789933,-0.212458446,-0.102649471,-0.081621194,-0.075078956,-0.019488788,0.099081275,0.095115457,-0.020868177,1258,583,205,274,151,0,4.274171251,280.8382465,1,Geogoeroe,25,1,0
249,-0.748928144,-0.173675981,0.608325511,-0.664861221,-0.105188898,-0.024368773,0.270808738,0.007919221,-0.00404816,308,50,9,0,28,0,5.148809933,60.42369648,9,Ulana,25,9,0
250,-0.791896241,-0.291983992,-0.380431721,0.191953751,-0.021456045,-0.019931221,0.028223783,0.077970339,-0.037566756,1668,28,0,0,5,0,0,0.589902269,0,mcheckimport,25,0,0
251,-0.744459364,-0.1595292,0.655387175,-0.701290007,-0.107393105,-0.002111832,0.270629429,-0.019707505,0.003608518,246,280,1,18,0,0,17.4315471,36.50849525,4,kaiserm,25,4,0
252,-0.777089573,-0.302544883,-0.394999458,0.212182903,-0.016051855,-0.015176273,0.029561543,0.082707066,-0.031370433,1693,0,0,60,6,0,5.534746724,68.86366306,3,Jolter,25,3,0
253,-0.530582883,-0.072090752,0.599532985,-0.508191722,-0.123067292,0.015603966,0.139235224,0.013861158,0.019376085,427,2358,102,0,199,0,59.17576324,449.9961744,64,Ugo M,25,64,0
254,-0.776532295,-0.196661936,0.406032022,-0.503889694,-0.089403701,-0.021972618,0.223572778,0.014461901,-0.008257483,576,3,3,0,0,0,0,0,0,jswolff,25,0,0
255,-0.742752083,-0.196119751,0.339113209,-0.442628719,-0.087582883,-0.014854003,0.222092588,0.031993614,-0.024381395,667,12,86,0,53,0,9.765413795,68.90136085,3,Khaleleniki,25,3,0
256,-0.782838359,-0.466155563,-1.609879025,1.239623713,0.077482919,-0.055275346,-0.254988686,0.122584423,-0.057243312,3342,1,0,1111,0,0,1.107275473,1.083275314,0,Dave Smith,25,0,0
257,-0.640242429,-0.139780134,0.279681283,-0.361795678,-0.107359361,-0.013116268,0.113716425,0.056538477,-0.020960869,777,1345,92,0,192,0,15.00577327,236.5679417,17,SColchester,25,17,0
258,-0.746781352,-0.261636616,0.019895486,-0.132712714,-0.04158917,0.009087204,0.136063728,0.049122277,-0.014097084,1132,1,0,0,0,0,23.82030708,152.0249507,6,cityeditor1000,25,6,0
259,-0.764747896,-0.177989007,0.570684362,-0.639056549,-0.102917415,-0.027921598,0.262661002,0.006299849,-0.005236625,355,5,2,0,14,0,0.682216436,17.11986452,6,mathe2002,25,6,0
260,-0.017494354,0.354797498,-0.802068943,0.67785349,-0.228862644,0.169276018,-0.980459487,-0.066812628,0.004639816,2388,13686,75,710,864,1,121.1712422,450.7010204,6,BenjiDad,25,6,0
261,-0.616890594,0.1484208,0.489806408,-0.623517482,-0.232223331,-0.00118579,0.318309979,-0.001844516,0.004092116,374,2246,1155,0,157,0,0,0,0,ba_boy,25,0,0
262,-0.769348182,-0.166339283,0.648101791,-0.716993831,-0.110386867,-0.021158345,0.280437317,-0.005755613,0.001257865,241,35,0,0,0,0,0.878851093,3.640520968,0,Temir,25,0,0
263,-0.81124407,-0.489704212,-2.133311832,1.755731854,0.126656348,-0.010205258,-0.405984557,0.223787119,-0.081853005,4108,273,46,2,0,0,0.748287232,77.07334541,5,giovand,25,5,0
264,-0.71583104,-0.228820864,0.220876523,-0.301229563,-0.05498939,0.046005546,0.174556199,0.001792925,-0.029210172,859,246,6,0,18,0,53.5474838,110.4934669,0,nicccky,25,0,0
265,-0.75413133,-0.184023989,-0.000895101,-0.129799561,-0.073649262,-0.007406067,0.049672853,0.025073732,0.006388066,1154,1139,2,0,0,0,0,1.621365907,0,ntebo,25,0,0
266,-0.736066682,-0.465354128,-1.693913943,1.462283921,0.12282707,0.049199273,-0.29957429,0.147680858,-0.090264744,3563,377,1,0,0,0,68.01212308,153.9528983,27,rippunzel,25,27,0
267,-0.742303288,-0.290482502,-0.412947673,0.274543598,-0.008930487,0.011411009,0.00237475,0.069487339,-0.024448156,1750,434,2,0,0,0,28.04479575,126.7929999,14,K3rkys,25,14,0
268,1.945160415,-1.28683632,0.991998157,1.027360743,1.085614355,3.392237383,0.996637082,-1.463661664,-0.781243146,1076,628,3,0,0,0,2777.904658,5198.832119,23,AHeneen,25,23,0
269,-0.759694058,-0.18287211,0.561600901,-0.638035754,-0.099848016,-0.013124158,0.261807088,0.009098028,0.006374209,363,27,0,0,0,0,4.173938709,76.81452229,0,ÌÏåÅÌÜÌÏ‰Û¡_ÌÏ‰Û¡Ì±,25,0,0
270,-0.641677457,-0.138901435,-0.243131088,0.056203352,-0.091249897,0.002031914,0.0077933,0.090614093,-0.037972749,1461,1680,320,0,205,0,10.82783928,193.5334709,0,isabellekh,25,0,0
271,-0.69102922,-0.507410062,-1.688888233,1.26232334,0.074314589,-0.092693749,-0.252004783,0.034704183,-0.034924278,3411,155,22,2858,25,0,24.797626,39.51127342,2,etu,25,2,0
272,0.403534972,1.383400322,-0.608469059,-0.077724811,-0.739511275,-0.167222784,0.043340507,-0.354135355,0.217263567,1407,15711,5266,7430,972,12,0,63.23592825,0,feyeandal,25,0,0
273,-0.772829026,-0.181776357,0.4969969,-0.583909006,-0.098581227,-0.021554512,0.243088184,0.006115941,-0.003558703,450,58,7,0,0,0,0,0,0,Hatamoto Kosuke,25,0,0
274,-0.705037543,-0.207121036,0.24678897,-0.324029823,0.002133416,0.014147108,0.189281012,-0.001487802,-0.011758891,823,225,17,182,3,13,48.55509657,140.6780207,13,Maarten van der Veen,25,13,0
275,-0.794413599,-0.325870062,-0.644243759,0.423312459,0.001257087,-0.020403333,-0.033743045,0.094010922,-0.042987751,2032,30,4,90,0,0,0.924853869,6.168761425,0,Brett_Kelly,25,0,0
276,-0.774703248,-0.432825574,-1.790458872,1.449068944,0.091498899,0.001766837,-0.360628356,0.152427609,-0.061422727,3632,840,3,329,0,0,15.18382702,40.25490287,0,richdb1969,25,0,0
277,-0.431227106,-0.227335481,0.173835572,-0.139854084,-0.032895122,0.155242313,0.109164972,0.019607532,-0.012327271,1009,1654,81,358,211,0,159.193059,832.4392571,35,Dampee,25,35,0
278,-0.580466588,-0.137156285,0.593963261,0.043170534,-0.051745276,-0.27868722,0.193619857,0.010768045,-0.010484864,794,1180,36,0,78,0,43.15872012,91.02643272,341,Mpaleng Oliphant,25,341,0
279,-0.501937158,-0.277570433,-0.719045153,0.613825274,0.023779154,0.17288031,-0.179715561,0.069402345,-0.040630292,2230,2413,26,1,179,0,139.6474189,620.0036605,9,SupapleX,25,9,0
280,-0.76749416,-0.25417823,-0.21619054,0.04711601,-0.043531099,-0.020980252,0.047069481,0.066224208,-0.036633158,1442,332,7,0,43,0,0.739589603,8.153420324,1,annajgibson,25,1,0
281,1.385658435,-0.896747954,1.173296426,0.001954821,0.594090127,2.188177274,0.757093201,-0.525728597,-0.290371762,295,1322,78,0,503,0,1718.897414,5608.560133,2,kalulunga_ImportAccount,25,2,0
282,-0.560228327,-0.114232328,-1.248223008,0.745565217,0.686632499,-0.158374648,-0.17965996,0.072347703,-0.015315769,2736,1214,172,1803,129,146,37.42130051,277.6492758,13,JeaRRo,25,13,0
283,-0.570373445,-0.204142491,0.286738155,0.210887591,-0.027190417,-0.239054764,0.134548969,0.063552858,-0.05019418,1154,809,13,0,166,0,47.95897742,195.518838,295,TopsQn,25,295,0
284,-0.676884336,-0.08808412,0.312379368,-0.406020842,-0.125392862,-0.002713636,0.097873101,0.013625863,0.012478636,718,1882,129,0,100,0,5.08334219,95.72461267,4,mgermanw,25,4,0
285,-0.456468864,-0.141724279,-1.537975307,1.203789231,-0.047000244,-0.018917804,-0.559577542,0.038265577,-0.025272098,3272,5462,226,1745,356,1,35.51985769,140.1890702,11,dalmond,25,11,0
286,-0.709537599,-0.095027771,0.21905778,-0.314683648,-0.113157501,0.00827114,0.054287108,-0.008490976,0.034135179,855,2097,67,0,16,0,4.469282464,23.5055272,0,monyk,25,0,0
287,-0.769410649,-0.158555023,0.7123655,-0.774805541,-0.116267742,-0.022723571,0.297447029,-0.010394945,0.003120855,151,18,2,0,0,0,0,0,0,marc_robins,25,0,0
288,0.80063266,2.808387169,0.120849148,-0.567211786,-1.236321278,0.173386885,0.06539375,-0.120963706,0.100011402,392,26031,8640,0,1708,9,0,0.696797197,0,neyziellexrrc_,25,0,2
289,-0.7965436,-0.36127065,-1.052667389,0.791174616,0.03366478,-0.011093329,-0.14762874,0.128925573,-0.051208023,2604,259,13,0,0,0,1.679475638,26.81556442,0,Stanley1260,25,0,0
290,-0.649333133,-0.185052204,0.245682728,-0.075839795,-0.071411317,-0.168484868,0.122055469,0.03060581,-0.027446268,993,894,16,426,132,0,9.993231983,49.71041731,152,stanley makhanya,25,152,0
291,-0.568611576,-0.214210146,0.480902337,-0.62302679,-0.110961851,-0.028451569,0.246353878,-0.104700337,0.029920439,427,744,65,2303,107,0,58.74969025,263.0906023,0,ProjectThis,25,0,0
292,-0.646246946,-0.103486915,-0.09831216,-0.026962371,-0.082031188,0.017758094,0.128920841,0.055923514,-0.012993666,1272,1299,553,0,97,3,31.06054099,199.842241,17,BlackTy,25,17,0
293,-0.607848994,-0.112104797,0.523692741,-0.527977807,-0.092865918,0.11003098,0.197802713,-0.033169472,0.050377192,463,1677,151,0,1,1,82.25447915,403.3059361,4,SuzanneSy,25,4,0
294,-0.663121193,-0.293394301,-0.645679633,0.513866679,0.008686444,0.043491646,-0.085523899,0.061818079,-0.101223353,2097,964,39,0,142,0,73.90934498,79.62523084,22,Bgabor,25,22,0
295,0.112855802,0.016995492,1.253830745,-0.152093247,-0.072598778,-0.055781126,0.130612362,-0.022036861,-0.101794643,163,5117,111,0,750,0,311.5012015,1305.588519,464,puspa s,25,464,0
296,-0.611966999,-0.354984518,-1.033585243,0.990289655,0.092017874,0.001222979,-0.166121294,0.132408176,-0.082183318,2725,885,54,16,138,6,82.72367032,349.1601585,90,clairedelune,25,90,0
297,-0.652913732,-0.265127259,-0.30699272,0.195118402,0.013185223,0.100838176,0.019625,0.014089225,-0.065953911,1612,851,39,0,66,4,99.80659608,173.8301534,1,geocruizer,25,1,0
298,-0.577120413,-0.187912004,-0.051811221,-0.155245191,-0.033280584,-0.034374953,0.061874677,0.043756756,0.003789079,1174,1335,127,1166,208,12,23.49244546,387.5527012,2,mingo23,25,2,0
299,-0.733872051,-0.145655883,0.712391275,-0.7393088,-0.110718613,0.010862568,0.277496159,-0.03820438,-0.000437971,175,427,5,0,0,0,28.88034126,14.04238018,5,TomHolland,25,5,0
300,-0.743826968,-0.130836129,0.679702188,-0.750320599,-0.127656987,-0.024184073,0.281975651,-0.004670069,-0.007141503,191,322,83,0,49,0,0.541906352,1.656788557,1,emevans24,25,1,0
301,-0.722069184,-0.14245737,0.721693763,-0.758553467,-0.11403628,0.017958122,0.272364917,-0.025204316,0.018927435,156,552,3,0,0,0,24.93016788,111.4914213,0,jochemkrechting,25,0,0
302,-0.766994142,-0.156490265,0.670316374,-0.736575173,-0.11499995,-0.021231322,0.281535505,-0.009041737,0.00447278,210,126,9,0,0,0,0,0.3981463,0,Gary_Russell,25,0,0
303,-0.276811618,-0.5099806,-0.035468546,-0.578698007,-0.152418514,-0.443172896,0.272178031,-0.409673705,0.224330583,829,0,0,11738,194,0,2.507670574,467.6253884,0,ruthmaben,25,0,0
304,-0.727539693,-0.123112321,0.534061054,-0.594810582,-0.1187726,-0.012314137,0.191834702,-0.0078495,0.016604318,416,1034,28,0,27,0,3.789896025,38.52346913,6,amarrington,25,6,0
305,-0.751459005,-0.154836162,0.529772895,-0.6023508,-0.107251918,-0.010504908,0.222686385,-0.003879215,0.012131739,413,526,10,0,0,0,4.09731922,34.26906735,1,lweld,25,1,0
306,-0.753802057,-0.122683787,0.726201431,-0.782770427,-0.128928645,-0.016569517,0.276759711,-0.020891637,0.016422493,134,509,41,0,0,0,0,0,0,Maipelo Lekgowa,25,0,0
307,-0.702958993,-0.241419808,0.046291752,-0.17462932,-0.055992001,0.010149472,0.114485562,0.015734535,0.001973257,1083,534,0,460,22,0,31.20046878,176.5611307,1,bondah,25,1,0
308,-0.733101631,-0.390765428,-1.13883479,0.810748158,0.023723996,-0.065696594,-0.168191089,0.09899679,-0.070613684,2684,304,2,1113,110,0,1.327488892,7.571646352,0,jBeata,25,0,0
309,-0.744135275,-0.156339719,0.718669849,-0.759675089,-0.111304333,-0.000381679,0.293881432,-0.020701521,0.00466583,156,185,8,0,0,0,17.97616787,49.75148089,3,OmikronWeapon,25,3,0
310,-0.777414781,-0.274043598,-0.217387194,0.053576624,-0.033853844,-0.015494165,0.071188886,0.066423127,-0.023309464,1445,53,10,37,0,0,3.72257485,51.96583339,2,juanda097,25,2,0
311,-0.640814859,-0.183873104,0.570981523,0.058805235,-0.035985785,-0.306425115,0.256221696,0.031388977,0.001122445,817,228,54,0,0,0,24.48134794,82.10260765,346,seisa,25,346,0
312,-0.725290263,-0.316491283,-0.603215089,0.429962806,0.004815575,0.009554471,-0.0166694,0.063626648,-0.066114431,2000,243,71,250,49,0,43.21754128,54.92443147,13,antoineg,25,13,0
313,-0.76907277,-0.16396323,0.684511777,-0.749786267,-0.112962165,-0.021663232,0.291610187,-0.007213435,0.002438784,190,1,0,0,0,0,0.657392472,8.064335486,0,201Geog17,25,0,0
314,-0.207414942,0.001824108,0.882062798,-0.597575229,-0.148537889,0.024225726,0.070663838,0.082652185,-0.015852402,163,4199,78,0,622,1,123.1339409,1111.632461,140,jdavanitha,25,140,0
315,-0.142996099,-0.320729966,0.471713551,-0.674600363,-0.101003475,0.043790746,0.185053083,0.439949542,0.253871149,441,1243,14,1384,606,1,6.664572514,2968.996564,1,Maanya,25,1,0
316,2.077616398,1.702265906,1.134227008,0.314014998,-0.5545591,0.935994811,-2.004662945,-0.646407737,-0.028025395,692,38647,542,0,2524,1,889.018861,2481.213803,368,mjgk,25,368,2
317,-0.597623847,-0.114617388,0.665340965,-0.724041695,-0.131065676,0.030949383,0.228648819,0.033953374,-0.011597154,227,1175,108,0,215,0,38.51615598,385.5746127,1,ahab003,25,1,0
318,-0.201387332,0.073896085,0.905898706,-0.566710319,-0.169221688,-0.05356193,0.019049971,0.031617532,0.013608648,163,5151,105,466,599,3,99.18451584,916.0731664,178,rajakopan,25,178,0
319,-0.680304488,-0.288782661,-0.118505414,-0.10864385,-0.063680268,-0.076713564,0.098899216,-0.016858851,0.018874219,1252,339,3,1881,51,0,6.30224597,131.014997,0,Boss DÌ_å©v,25,0,0
320,-0.485615021,-0.616903126,-1.451631119,0.795107004,-0.001304622,-0.344991825,-0.096003228,-0.294197699,0.1245747,2878,3,0,9468,0,0,14.08214686,23.6466746,0,Scare!,25,0,0
321,-0.663807867,-0.239634459,-0.679253154,0.511992706,-0.014387793,0.046192619,-0.151505613,0.053196804,-0.072626842,2125,1828,48,0,134,0,55.90966296,42.77961573,7,Karisa,25,7,0
322,-0.651135128,0.083201331,0.759061114,-0.764679106,-0.195016904,0.026917471,0.033846165,-0.097159972,0.113555889,134,4267,11,0,0,0,0,0.604809567,0,Mogi Radipata,25,0,0
323,-0.763792981,-0.224319771,-0.077259902,-0.063881742,-0.055248418,-0.005243743,0.066269988,0.037815271,-0.01155015,1257,624,3,0,0,0,6.478763584,12.68631016,0,tjsmith7,25,0,0
324,0.326844537,-0.011828733,1.085100268,-0.362468775,-0.109207454,0.047632062,0.125764302,0.121229718,-0.349019374,163,4568,321,0,1452,1,353.7222914,1610.318632,327,ranu1,25,327,0
325,-0.790809073,-0.293933685,-0.4712238,0.274853325,-0.01616479,-0.017240933,-0.003607849,0.08111426,-0.035018412,1796,188,2,1,0,0,0,0,0,pibanezdeelejalde,25,0,0
326,-0.756618013,-0.183469955,0.431662215,-0.524371813,-0.08913214,-0.012739008,0.223103831,0.018727787,0.008429148,542,200,22,0,0,1,2.478126091,85.06688428,0,Fitzpatrick PCV,25,0,0
327,-0.808213784,-0.382906287,-1.16204328,0.885283843,0.045413466,-0.016056117,-0.167184438,0.138330396,-0.061852536,2754,104,3,0,0,0,0,0.982694827,0,geg60030,25,0,0
328,-0.730151999,-0.166947432,0.726889248,-0.705902153,-0.09959743,-0.010198119,0.302020668,-0.027950124,-0.005708526,185,97,0,0,0,0,31.80546828,44.99399669,29,alegendaryhamster,25,29,0
329,-0.777935408,-0.216688943,0.158864368,-0.285034424,-0.071540752,-0.019719723,0.161789972,0.0325685,-0.014308137,918,103,29,0,0,0,0,0.718127364,0,Yapock,25,0,0
330,-0.708938708,-0.103780903,0.599197467,-0.656576268,-0.126663092,0.01001949,0.236865407,-0.006818599,0.040470427,316,1033,142,0,2,0,10.94281049,152.2251778,2,Hsiehster,25,2,0
331,0.020468193,-0.541964881,0.138808331,-0.594074652,-0.092923336,-0.157362058,0.25646658,0.22449563,0.293921521,731,0,2,6814,660,1,23.63642313,2935.561321,1,ramyaragupathy,25,1,0
332,-0.773681169,-0.252006478,-0.187630017,0.022086953,-0.044799042,-0.019462115,0.06856971,0.063585974,-0.028973248,1400,227,35,2,21,0,0.307496428,15.85239256,1,Paul Mallet,25,1,0
333,1.175546342,0.821351851,0.081809809,0.295454061,-0.188586768,0.628696472,-0.964698347,-0.322006007,0.134976754,1403,21731,1096,3009,1483,32,581.9120981,2656.009251,120,danbjoseph,25,120,0
334,-0.725053776,-0.481419936,-1.916070041,1.514568116,0.11973649,-0.056662914,-0.314699917,0.152462581,-0.064029407,3765,187,113,1351,53,5,14.29968217,138.8204358,10,ivansanchez,25,10,0
335,-0.67084972,-0.262131808,-0.225007164,0.122355694,-0.028436666,0.017758221,0.058316496,0.039763727,0.017747692,1493,744,84,488,0,0,44.82566562,310.803806,24,samlibby,25,24,0
336,-0.751476024,-0.190725066,0.285966339,-0.391581602,-0.085125979,-0.008655345,0.169727318,0.029321564,0.013311961,748,456,17,0,0,0,1.29241341,106.5355389,0,JuliaKleine,25,0,0
337,-0.751917561,-0.146803327,0.700405691,-0.754658836,-0.116951219,-0.0086551,0.275768777,-0.017976683,0.010170666,175,335,1,0,0,0,7.829270969,26.53882759,0,HvdB89,25,0,0
338,-0.731634468,-0.279308136,-0.318478333,0.165807375,-0.018433,0.029923321,0.024556259,0.035520492,-0.026756787,1601,516,0,182,0,0,40.11553436,90.78130645,0,cweiske,25,0,0
339,-0.653611579,-0.268080909,-0.647904676,0.526833532,0.015364761,0.123762388,-0.127293842,0.011139697,-0.030535347,2108,1806,7,2,0,0,100.3724967,178.4507166,2,lyctkel,25,2,0
340,-0.103427418,-0.251089945,0.333060415,-0.053905177,0.513713526,0.579155774,0.278957765,-0.259893427,-0.200510675,938,1084,43,0,161,80,577.0914867,1100.356295,43,emilyeros,25,43,0
341,-0.755560612,-0.304490286,-0.323949925,0.106901608,-0.033889619,-0.052576999,0.057387927,0.026005935,-0.011601354,1561,36,5,984,0,0,1.785174336,12.82765456,0,myxor,25,0,0
342,-0.553806376,-0.163214278,0.711793827,-0.667799379,-0.077030587,0.165573123,0.250880334,-0.034664365,0.057032675,227,1331,15,0,14,0,122.7879625,665.4480356,2,Spotter Cluster,25,2,0
343,-0.758090704,-0.146680828,0.686066095,-0.756864055,-0.110461092,-0.02535788,0.284945716,-0.006552564,-0.002615637,184,152,24,0,24,2,0,0,0,Sonja5938,25,0,0
344,-0.722992117,-0.188827721,0.430074982,-0.485615126,-0.080796739,0.027658717,0.216534475,-0.00950816,-0.004230363,569,387,15,0,0,0,38.06395711,102.4612614,4,PeterAdriaan,25,4,0
345,-0.728636007,-0.143749433,0.711660267,-0.735047325,-0.113024316,0.001634036,0.297806874,-0.020752461,0.009271836,175,303,67,0,0,0,22.9384979,79.86462652,11,Coen81,25,11,0
346,-0.755976811,-0.151338184,0.708402866,-0.764290229,-0.116219436,-0.010856795,0.289531449,-0.016028927,0.00639716,161,189,13,0,0,0,7.497526579,22.32533246,0,Judith O,25,0,0
347,-0.758937743,-0.246928628,0.103362542,-0.254620664,-0.066695959,-0.039965053,0.158446431,0.013808339,-0.005343893,981,0,4,574,2,0,1.747549794,22.54831337,1,JanetChapman,25,1,0
348,-0.736348152,-0.147761575,0.709737872,-0.756289639,-0.115272282,0.001102747,0.275677163,-0.013593089,0.019862708,167,408,1,0,0,0,12.8728343,99.9512544,1,Iris Reimerink,25,1,0
349,-0.746874293,-0.155365645,0.716195856,-0.765191574,-0.113531372,-0.004266535,0.289648413,-0.014529293,0.010485431,155,208,2,0,0,0,11.98427905,64.29767359,1,Miranda24,25,1,0
350,-0.688945203,-0.123081678,0.324089094,-0.415854022,-0.102201299,-0.009395079,0.169790015,0.018653159,-0.026037089,696,1003,184,0,114,2,16.75630698,56.28538715,9,Andrew Rickard,25,9,0
351,-0.778598672,-0.223903026,0.192363182,-0.308602697,-0.069879255,-0.02348404,0.170428055,0.032683686,-0.016617405,877,4,0,0,3,0,0.629356147,5.148134718,3,AnibalRei,25,3,0
352,-0.756579615,-0.151533941,0.714142864,-0.766628734,-0.116556733,-0.014585069,0.291103598,-0.014287823,0.007560518,155,175,11,0,0,0,5.859085508,25.35207929,2,Michiel33,25,2,0
353,-0.560469167,-0.148381958,0.818899694,-0.632556217,-0.093163058,-0.005377985,0.28169152,-0.051389978,-0.035628616,164,912,18,303,153,0,97.0498497,256.3193611,95,ASni AS,25,95,0
354,-0.740062249,-0.255151849,-0.125317332,-0.019833419,-0.04091178,0.009173446,0.096117448,0.051487555,-0.040461483,1321,178,56,18,42,0,25.79359937,77.09593314,1,racky,25,1,0
355,-0.750770894,-0.123653807,0.670019818,-0.72538315,-0.11486382,-0.021531573,0.262904408,-0.015786046,0.016001936,217,540,49,0,0,2,0.329700548,5.866643125,5,OrlaMcManus,25,5,0
356,-0.708529597,-0.096475453,0.699925364,-0.766981889,-0.142866453,-0.023726448,0.213783435,-0.016379137,-0.003054363,172,1152,8,60,102,0,0,0,0,Myrnamfl,25,0,0
357,-0.413218044,-0.117660431,-0.602895115,0.183209823,0.660209503,-0.117135749,-0.001458081,0.025503495,-0.034007807,1851,858,92,2335,281,146,99.918452,596.1297233,16,hermann106,25,16,0
358,0.24142851,-0.137000577,-0.491060342,0.128371374,-0.11580197,0.023947491,-0.408251958,0.3991854,0.287013209,1761,7126,127,3388,1028,10,32.47082213,3228.124452,7,BharataHS,25,7,0
359,-0.495591278,-0.261437156,0.46727499,-0.6939867,-0.141111383,-0.182496413,0.284849483,-0.263884191,0.140199259,372,880,82,5563,18,0,36.36774026,213.9039294,21,RoadMapsYou,25,21,0
360,-0.691250657,-0.150354112,0.557393591,-0.674047061,-0.128907657,-0.047055597,0.24005386,0.046756002,-0.08091625,345,236,80,0,251,0,0,29.66253608,0,bzendra,25,0,0
361,-0.723985153,-0.137067757,0.707771635,-0.765455124,-0.124026672,-0.011460613,0.263002618,-0.004196965,0.002662769,164,519,8,0,57,0,7.548600781,79.85175456,1,tharishinie,25,1,0
362,-0.42295781,-0.045466946,-0.353539584,0.269102116,0.000291346,0.149476334,-0.265278821,0.05065801,0.102419857,1720,5156,59,1,169,16,91.70961487,823.6893762,9,Kretzer,25,9,0
363,0.031902278,-0.321011182,-0.077135561,-0.276510423,-0.072068645,-0.00840622,0.108234502,0.095784767,0.06372613,1106,2083,348,5011,797,8,136.5204416,2017.866203,0,Jothirnadh,25,0,0
364,-0.763224396,-0.278681473,-0.236167078,0.087250509,-0.029090447,-0.014430801,0.066251257,0.070299114,-0.037934789,1483,45,12,0,27,0,11.69898004,59.16773066,9,John_T,25,9,0
365,-0.637497358,-0.067787203,0.735996198,-0.752827398,-0.148014027,-0.004452288,0.178655446,-0.012204196,0.00209131,157,1836,10,0,163,0,19.63880594,143.4944894,15,ganjana,25,15,0
366,-0.596290337,0.000214623,0.477070993,-0.584514664,-0.117669503,-0.025781079,0.143148504,0.02192881,-0.047588422,464,2163,312,0,293,11,12.96977093,78.30917584,8,raxchana,25,8,0
367,-0.673217484,-0.194545433,-0.08090061,-0.026156915,-0.053228302,0.032650946,0.018572926,0.025199225,-0.03509893,1289,1399,17,0,100,1,44.286544,104.8286473,7,Eve Aporee,25,7,0
368,-0.700912088,-0.305007247,-1.316091095,1.034531687,0.020915253,-0.003961915,-0.31817291,0.149894025,-0.07407494,2984,1820,48,1,160,0,9.236723853,78.07089485,5,Vincent Bombaerts,25,5,0
369,-0.788700893,-0.420815446,-1.4742233,1.170042575,0.073985073,-0.003371973,-0.250949739,0.174788139,-0.051678343,3194,280,6,21,0,0,4.159862044,134.6060712,2,Peter Brouwer,25,2,0
370,0.091034697,-0.315772687,0.161201421,-0.573282524,-0.161411069,-0.164824514,0.077138345,0.091611347,0.279768774,727,3117,144,7028,737,3,33.87620096,2454.579175,13,nikhilprabhakar,25,13,0
371,-0.764740217,-0.238185517,-0.54767928,0.292022257,0.174758522,-0.044287709,-0.015300961,0.083299066,-0.038109221,1873,203,5,66,11,40,7.367464901,24.17873697,0,muramototomoya,25,0,0
372,-0.7588432,-0.16880284,0.597426263,-0.645360745,-0.103086767,-0.01990819,0.263554597,-0.008872066,-0.002430768,329,140,5,0,0,0,8.933852124,2.869644366,10,RiddlerTron,25,10,0
373,-0.52742481,-0.184523432,0.550848527,-0.786955572,-0.162156663,-0.14991087,0.243214153,-0.139259761,0.078948464,258,1190,91,3800,175,1,4.090366865,237.2907178,0,DoodleBob,25,0,0
374,-0.525855934,0.345719832,0.787959538,-0.742094514,-0.281157704,0.078963003,-0.219567906,-0.183336879,0.226609026,134,8605,120,0,0,0,0,3.579022365,0,kubuya seete,25,0,0
375,-0.700491332,-0.168761091,0.335745511,-0.337037577,-0.088859554,-0.053334697,0.178896859,0.028193945,-0.024458986,743,596,81,19,88,0,14.19801752,66.35530288,52,eglatorre,25,52,0
376,-0.795745506,-0.307050659,-0.511153315,0.308576043,-0.010038915,-0.018779405,-0.004492662,0.087150085,-0.040142392,1850,45,0,0,0,0,0,0,0,samuelestabrook,25,0,0
377,-0.734878073,-0.397239288,-1.029686432,0.905718291,0.056533321,-0.056384613,-0.125510861,0.17377544,-0.038115108,2664,0,0,24,34,0,11.50596974,283.9492267,68,Wo gehen wir hin,25,68,0
378,-0.782273395,-0.326189444,-0.65118787,0.417360702,0.002297627,-0.031274849,-0.033357206,0.080038171,-0.034888333,2032,88,12,383,0,1,0.699821163,8.410727434,0,vtcraghead,25,0,0
379,-0.718284695,-0.19164143,0.2661471,-0.402333253,-0.094944856,-0.030027518,0.191083627,-0.001729646,0.004736524,749,418,102,630,35,0,7.721961412,70.18839886,0,chris@zontine,25,0,0
380,-0.754345448,-0.365997476,-1.213168841,0.951571218,0.053219388,0.019796575,-0.182365919,0.144751917,-0.03800996,2836,530,89,0,0,1,20.38751368,182.732818,3,ridtx,25,3,0
381,1.165394245,-0.046001546,2.255599796,4.99709792,0.659016548,-2.935687107,0.69491955,0.609351633,0.095405688,2756,1864,936,0,789,50,283.83167,3015.559278,3570,mdk,25,3570,0
382,-0.7662264,-0.153844599,0.71294718,-0.772755674,-0.11793133,-0.023543358,0.305169045,-0.008570347,0.004332562,150,7,35,0,0,0,0.190888177,9.75295685,2,kstlouis,25,2,0
383,0.527609726,-0.005656331,0.803448953,-0.744773403,-0.177773414,-0.028098247,0.003625298,0.624755933,-0.288425084,163,4689,450,0,2190,13,146.173899,3120.832478,146,Tharshika5445,25,146,0
384,-0.555158146,-0.091762323,0.778840575,-0.684069746,-0.133981921,-0.039369329,0.227199898,-0.017968052,-0.041298322,164,1510,77,320,259,0,55.12880156,213.0763203,72,S Sajeeth,25,72,0
385,-0.780088551,-0.227911908,0.10035078,-0.231716122,-0.064668215,-0.019681839,0.140183966,0.036582009,-0.016161915,1002,124,0,0,0,0,0,0,0,tgouge,25,0,0
386,-0.681058965,-0.067028379,0.773547248,-0.790104081,-0.141510043,0.03023738,0.203089335,-0.042616961,0.06398897,98,1828,8,0,0,0,20.58317266,169.6151949,1,TMann10,25,1,0
387,-0.72971876,-0.106436893,0.733167781,-0.781005595,-0.133613247,-0.005919597,0.239891928,-0.018503949,0.042207294,134,1012,4,0,0,0,0,92.19651634,0,Kabo Matsaunyane,25,0,0
388,-0.385812338,-0.018048939,0.759043548,-0.728136503,-0.113822119,-0.056962706,0.140224995,0.065388913,-0.029078294,162,2767,132,539,522,13,45.53255523,659.5985958,69,alfarhan321,25,69,0
389,-0.775029363,-0.192649796,0.444524372,-0.536141341,-0.092444928,-0.023294808,0.232328204,0.011905258,-0.007621334,524,1,0,0,2,0,0,0.234713911,1,JPGJG15,25,1,0
390,-0.602569657,-0.41494659,-1.406806065,1.222273317,0.102451255,0.14025262,-0.211473719,0.131031133,-0.084511639,3168,803,167,1,84,0,128.8772805,488.2091923,19,koos krijnders,25,19,0
391,-0.583766839,0.162515463,0.770096698,-0.75741643,-0.220912077,0.055540075,-0.05017655,-0.100601806,0.178954277,134,5767,48,0,0,0,0,189.1606322,0,Kaizer Morewagae,25,0,0
392,-0.263677201,-0.045099095,0.615096971,-0.505889983,-0.097061918,0.265567769,0.095461316,-0.066564963,-0.071805464,418,3774,200,0,427,1,235.3243652,802.710177,19,daisygrubber,25,19,0
393,-0.437897311,-0.37277395,-1.179679509,0.969433288,0.035415194,-0.045635936,-0.264077809,0.038741109,-0.090994062,2827,2021,23,2372,363,2,99.06779922,389.0165083,59,Segelpaule,25,59,0
394,-0.69740111,-0.010356885,0.74455694,-0.77288174,-0.164924876,0.007355507,0.14239499,-0.062692104,0.069980376,134,2575,20,0,0,0,0,1.59332913,0,kutlwano,25,0,0
395,-0.505075397,-0.311269391,-0.039469781,0.062698512,0.041200009,0.274086819,0.113437406,-0.029690336,-0.014716484,1310,940,9,0,0,1,216.7372665,753.1358809,3,olearytd12,25,3,0
396,-0.804973911,-0.40060622,-1.325687296,1.035552291,0.060802832,-0.007721332,-0.211932641,0.145213867,-0.06871757,2985,189,1,1,0,0,6.059132353,2.310478807,0,antal,25,0,0
397,-0.441293405,0.360606324,-1.234155514,0.619719486,1.209494815,-0.179857494,-0.143371145,0.14714152,-0.065802606,2631,2746,912,8,288,276,54.39707753,287.803873,19,PierZen,25,19,0
398,-0.772815545,-0.354961691,-0.749481112,0.492495932,0.006341658,-0.042492367,-0.04887049,0.070666227,-0.034492679,2159,2,0,755,2,0,2.951319018,9.833095883,0,vasanthi,25,0,0
399,-0.702058845,-0.426158678,-1.148677839,0.762712668,0.025072519,-0.124831951,-0.112791095,0.003851416,-0.004826053,2645,91,56,2879,16,2,0.998518446,5.094929466,2,sev_osm,25,2,0
400,-0.79832706,-0.342519095,-0.792673466,0.556293694,0.014207432,-0.018707418,-0.073342865,0.11103827,-0.053048762,2240,37,0,13,9,0,0.553223704,4.391962507,0,Rbanick,25,0,0
401,0.321738607,0.651936945,-1.484129454,1.363508766,-0.155925007,-0.354869207,0.184711711,-0.168928652,0.090734684,3094,8144,4311,7282,692,47,135.4323849,649.7841925,310,vogelfreier,25,310,0
402,-0.743331541,-0.154727599,0.518074658,-0.603980371,-0.111365732,-0.021225326,0.213358303,0.00672704,-0.007138363,423,521,4,0,52,0,0.23700144,16.81810684,0,Kmerkel,25,0,0
403,0.293309539,-0.112256224,1.007288288,-0.414969506,0.088609143,1.058375205,0.240015057,-0.410620299,0.084792567,147,6191,338,0,0,0,771.5693908,2415.19551,2,blergh,25,2,0
404,0.025392195,0.237402905,0.779344736,-0.741753723,0.059080817,0.086222116,-0.077687671,0.134992623,-0.016727045,163,6647,279,0,942,61,145.5620287,1544.68193,65,leniya,25,65,0
405,-0.76354393,-0.165068875,0.634888342,-0.707671657,-0.111384874,-0.02266006,0.274903545,-0.001735808,-0.003850337,258,67,6,0,17,0,0.755289642,6.844936637,0,CzechMeOut,25,0,0
406,-0.70552811,-0.113616134,0.730448468,-0.778484313,-0.130151665,0.009582893,0.267442342,0.002026763,0.057211815,134,866,75,0,0,0,6.598174217,249.4101086,0,Game Kgamone,25,0,0
407,-0.637180252,-0.045361223,0.673988279,-0.778978948,-0.173295922,-0.035079517,0.245738217,0.027360978,-0.064669472,174,1204,292,0,293,0,2.375887367,44.62075674,0,TeaTime13,25,0,0
408,-0.758276771,-0.198016873,0.263982818,-0.370339318,-0.080659451,-0.009885498,0.165577125,0.01613934,-0.015374016,780,353,0,1,19,0,8.599362599,3.662069748,0,lydialetaru,25,0,0
409,-0.691111738,-0.118870995,0.72095364,-0.769830946,-0.128203419,0.008777471,0.255096292,-0.017549537,-0.012395312,150,803,42,0,95,0,25.32666731,81.71478613,0,ShevekAnnaresti,25,0,0
410,-0.424413587,-0.437743792,-1.620595519,2.200808888,0.199552793,-0.177100031,-0.272284141,0.22665773,0.002487702,3987,1367,280,127,31,2,137.2606917,939.6315769,410,Bman,25,410,0
411,-0.5895501,-0.306243497,-1.435344929,1.195376251,0.056386654,0.115099169,-0.294142262,0.086036895,-0.131513231,3172,2014,267,110,197,1,114.1753745,144.0166673,4,richardbrinkman,25,4,0
412,-0.716453913,-0.413345541,-0.931265457,0.581142889,0.005287019,-0.113544214,-0.067414163,-0.001911143,0.001664366,2354,0,0,2630,0,0,0,9.732673818,0,homeslice60148,25,0,0
413,-0.685797388,-0.227054578,0.414951195,-0.445129061,-0.048559461,0.082074895,0.240681424,-0.02566747,-0.024608989,607,102,4,0,0,1,84.50356497,196.5068756,3,Yoshinion,25,3,0
414,0.193635715,0.264897198,1.051736388,-0.404559857,-0.078541923,0.071209784,-0.096622761,-0.019562747,-0.076232387,164,8240,319,0,959,24,274.691025,1329.476547,277,kirisha mv,25,277,0
415,-0.522803367,-0.410733131,-1.302679481,1.259524048,0.141866102,0.228754634,-0.215505228,0.048440467,-0.077862982,3112,1421,101,4,21,2,213.7129295,574.6644374,45,raymondnijssen,25,45,0
416,-0.012075051,0.069978237,0.909847953,-0.578336976,-0.189863039,0.000745773,-0.008185267,0.14957828,-0.082244269,163,5450,174,0,985,0,140.9757257,1384.971279,175,krishnaveny,25,175,0
417,-0.741544499,-0.101441323,0.732957543,-0.780776167,-0.135263807,-0.01111205,0.237134089,-0.03144833,0.029453634,134,1015,0,0,0,0,0,0.86013359,0,Maipelo Hosia,25,0,0
418,-0.454330068,-0.580883772,-1.523776528,0.891722582,0.036169233,-0.279998957,-0.12010758,-0.131280089,0.14767886,3007,178,116,7933,59,6,4.76537335,515.2503739,0,SimonPoole,25,0,0
419,-0.075180219,-0.082574757,0.958988076,-0.504823138,-0.122609775,-0.070445644,0.180559137,0.104807189,-0.31094296,163,2461,133,0,1100,0,201.6035627,817.7654256,238,parimala,25,238,0
420,-0.700831876,-0.022691857,0.743663775,-0.773897701,-0.160826355,0.006003617,0.152488633,-0.057097368,0.067372714,134,2396,12,0,0,0,0,16.24014886,0,sefemobogatsu,25,0,0
421,-0.71727939,-0.050582143,0.738905019,-0.776389709,-0.151900967,-0.001005317,0.186513711,-0.04857607,0.051484412,134,1867,17,0,0,0,0,0.3423166,0,Lorraine Kewagamang,25,0,0
422,-0.767371183,-0.504339098,-1.861917692,1.500585353,0.102509232,-0.081299946,-0.314060857,0.132992777,-0.062070991,3716,14,0,1374,5,0,4.431856748,14.42790344,23,samlarsen1,25,23,0
423,-0.795904847,-0.32977141,-0.733548201,0.505253777,0.007384439,-0.018047837,-0.064913211,0.103627179,-0.047723245,2159,132,0,14,6,0,0.205479274,0.818506847,0,ngt,25,0,0
424,-0.757713246,-0.131205985,0.725570998,-0.78349188,-0.126088052,-0.018168802,0.283655325,-0.018336676,0.01303122,134,379,34,0,0,0,0,0,0,Kehumile,25,0,0
425,-0.685223282,-0.280304337,-0.527428979,0.312062941,-0.03592772,-0.059882938,-0.061168953,0.036487621,-0.016473064,1865,1056,12,1150,92,0,7.636399495,73.61575312,14,harrymahar,25,14,0
426,-0.041464755,-0.005080473,0.987399776,-0.448201248,-0.078891809,0.233235678,0.14763484,-0.104189827,-0.101788535,163,4584,224,0,566,1,333.6734914,1085.674622,183,R Ramany,25,183,0
427,-0.75807354,-0.407943293,-1.34165567,1.00581108,0.043745833,-0.059437049,-0.207656787,0.100075096,-0.047784902,2972,346,33,1121,28,0,0,0.112123346,3,nogajun,25,3,0
428,-0.694975586,-0.257734715,0.181817887,-0.265571204,-0.044257399,0.047970281,0.180823186,0.034500777,-0.025905714,915,1,1,1,44,0,55.40241354,261.8211046,3,nicojp,25,3,0
429,-0.602388612,-0.46970262,-1.063623959,0.973887429,0.108470891,0.083520752,-0.084309255,-0.006021489,-0.085677778,2725,15,0,1223,0,0,159.8605428,266.4562126,54,posiki,25,54,0
430,-0.635091543,-0.322556899,0.05920499,-0.321878302,-0.082515834,-0.137359342,0.194413268,-0.138837027,0.055301172,956,2,0,3740,9,0,17.50303049,59.47554392,2,Sunfishtommy,25,2,0
431,-0.782654966,-0.233307001,0.112176008,-0.244018103,-0.063682339,-0.021439501,0.151003887,0.038370351,-0.01958878,984,0,0,1,2,0,0,0.024796056,0,aAXEe,25,0,0
432,-0.716335838,-0.297506672,-0.418791741,0.217315897,-0.011615116,-0.009052569,0.004643646,0.050832373,-0.013766784,1715,467,0,636,30,2,22.09521241,151.8936545,0,uswatunkh21,25,0,0
433,-0.009632016,0.123011587,0.927174893,-0.55342652,-0.186940782,0.081777558,-0.051354465,0.035427545,-0.07932444,163,6426,174,0,876,0,192.9981884,1153.8296,163,nathees,25,163,0
434,-0.723830472,-0.190896309,0.162774988,-0.251456181,-0.078066521,-0.019887284,0.110096949,0.031053368,-0.023059377,943,766,0,0,72,0,11.05290059,43.11913151,15,Eysler,25,15,0
435,-0.723943534,-0.130049519,0.77527226,-0.803845361,-0.109742589,0.013077532,0.284887512,-0.03710007,0.011982254,83,552,3,0,3,2,26.68046803,61.82860521,2,sarajoha,25,2,0
436,-0.761435463,-0.430258179,-1.449858368,1.129788888,0.068942461,-0.018458784,-0.227392488,0.125331922,-0.074153213,3143,183,26,635,33,0,19.9655047,35.98418473,2,helenst,25,2,0
437,-0.174028195,-0.361170047,0.106147881,-0.515058818,-0.135800978,-0.186823365,0.162170945,-0.039365961,0.19653588,795,1478,98,6711,456,1,29.30160689,1498.392369,2,Chetan_Gowda,25,2,0
438,-0.755478026,-0.238556982,-0.086600071,-0.067090944,-0.054095474,-0.015067565,0.078372342,0.024509552,-0.010262428,1260,492,8,305,0,0,9.007734415,11.2025351,0,laurabrianna,25,0,0
439,0.116521729,-0.355668775,0.338907371,-0.754149572,-0.174775919,-0.153361891,0.124515713,0.130024025,0.198604973,475,2441,25,6696,908,0,46.88802594,2493.601403,2,nammala,25,2,0
440,-0.693183529,-0.285651102,0.024988713,-0.162752936,-0.040728034,0.022145664,0.141360179,0.139976146,0.074270768,1112,30,0,0,0,0,2.970655705,693.6679974,0,ElGrandeBanana,25,0,0
441,-0.299986485,0.713579248,-0.248437568,-0.060018991,-0.419496458,0.035355835,0.231146206,0.045610399,-0.014214367,1241,6971,3285,0,525,3,0,24.62375442,1,schmeltzer,25,1,0
442,-0.581610053,-0.435990786,-1.508576436,1.016605664,0.302048955,-0.186766842,-0.183348995,0.033830729,0.042698915,3108,132,15,3933,53,54,15.88678158,398.6682846,19,51114u9,25,19,0
443,-0.156596967,-0.150041734,0.579732974,-0.393572342,-0.053102062,0.265244708,0.131484895,0.023069762,0.048710364,524,3308,139,474,376,1,245.5087299,1599.006614,62,Violaine_Do,25,62,0
444,-0.233898995,0.236707095,-0.990401342,0.812294449,-0.198324096,0.015753252,-0.855557187,0.013248559,0.064236154,2612,11190,124,882,622,1,15.91395389,324.8092463,30,greenmtdave,25,30,0
445,-0.767836936,-0.186886993,0.472072496,-0.545065945,-0.094664972,-0.030102383,0.23746193,0.012561529,-0.005595348,496,41,7,0,7,0,0,12.71777946,9,sambarlow,25,9,0
446,-0.743656502,-0.259866444,-0.225145381,0.057904887,-0.035194798,-0.012639549,0.077047813,0.077113316,-0.051888249,1452,97,85,0,75,1,13.18001717,70.3154082,4,jbosch,25,4,0
447,1.719167088,1.341535949,0.839796712,-0.382174779,-0.588913438,0.771168479,-1.79066677,-0.466161288,-0.122978169,464,32681,195,2074,2714,1,652.5422356,2205.413576,55,kiggudde,25,55,2
448,-0.785739005,-0.283494828,-0.331675725,0.145182171,-0.02791327,-0.021536243,0.046374323,0.070782198,-0.029564512,1596,41,25,91,0,0,0,15.06542106,0,laechoppe,25,0,0
449,-0.749484701,-0.329146908,-0.474286143,0.249912439,-0.014662144,-0.034299662,0.020425715,0.076714183,-0.002394947,1779,0,1,688,3,0,0.702923759,172.6488909,0,hadry,25,0,0
450,-0.805241184,-0.417468054,-1.623370293,1.266399063,0.158020433,-0.033306475,-0.27364377,0.176040046,-0.083334941,3378,38,4,90,19,16,0.627693288,7.522945253,0,dforsi,25,0,0
451,-0.609231109,-0.097283839,0.488245754,-0.614174128,-0.150627407,-0.044444701,0.213650228,-0.021716822,-0.018736879,427,1290,264,966,211,0,17.24759037,109.0968477,6,Hector Vector,25,6,0
452,-0.556611524,-0.286136693,0.234470829,-0.478341605,-0.104813457,-0.113694833,0.19638941,-0.052570201,0.032778638,723,329,0,3079,194,0,16.95933879,360.299901,0,jinalfoflia,25,0,0
453,-0.767703783,-0.150396489,0.775285123,-0.830226386,-0.121859628,-0.022759692,0.311479449,-0.015743921,0.00575093,64,33,0,0,0,0,0,0,0,beccabarnes,25,0,0
454,-0.76633823,-0.147843568,0.7711554,-0.826140511,-0.122515911,-0.02215108,0.308086907,-0.01623749,0.00685619,70,79,3,0,0,0,0,0.415345417,0,Mick42,25,0,0
455,-0.245743686,0.130211286,0.831908446,-0.654109111,-0.206063711,-0.062406624,-0.004957702,0.077939157,-0.067589887,163,5145,229,0,759,4,59.19894455,666.9657651,122,Nithu,25,122,0
456,-0.501943445,-0.452745694,-0.71771685,0.234539869,-0.062001964,-0.310617075,0.037507377,-0.237384726,0.109086401,1928,379,67,7540,68,1,0.046829066,65.6708784,18,DaCor,25,18,0
457,-0.725336766,-0.273942284,-0.456317027,0.240780474,-0.023083677,-0.028809319,-0.029593815,0.065088101,-0.033798602,1763,699,7,476,79,2,6.510327666,62.49584468,0,Kateregga1,25,0,0
458,-0.770478958,-0.188596504,0.38916964,-0.489959703,-0.092108445,-0.02148678,0.216428915,0.015460895,-0.009184631,598,109,26,0,9,0,0,0,0,LeTopographeFou,25,0,0
459,-0.355339476,-0.271036345,0.528881632,-0.743552462,-0.11730475,-0.055237594,0.241976654,0.080387999,0.083474637,324,768,23,2797,421,2,36.07507034,1256.182236,0,upendrakarukonda,25,0,0
460,-0.332851782,-0.662764469,-1.477990238,0.665341324,0.030080566,-0.492416606,-0.050470912,-0.43983992,0.195817473,2797,47,31,13035,54,14,13.18428135,107.3765258,4,cquest,25,4,0
461,-0.519981453,-0.590464116,-1.399370677,0.764845829,-0.006369551,-0.33675371,-0.097145679,-0.256511998,0.11536024,2820,11,0,8764,3,0,0,3.222189244,0,Stalfur,25,0,0
462,-0.674081663,-0.348799805,-1.474861289,1.143497874,0.126655934,0.005401149,-0.299117338,0.151364408,-0.072668457,3180,1244,65,373,138,16,33.74443546,210.2614184,0,frafra,25,0,0
463,-0.533780937,-0.033106566,-0.179512185,0.045553866,-0.12818693,0.014641402,-0.221644111,0.036592846,-0.052028265,1432,4345,35,0,375,0,26.26295718,93.81559097,7,Sowmya Simha,25,7,0
464,0.882960726,0.699229226,0.030312896,0.722077357,-0.106815186,1.221330592,-1.224230491,-0.471795402,0.716547006,1766,24518,150,0,0,4,706.7420672,3582.250198,47,zabomil,25,47,0
465,-0.723156402,-0.18692277,0.297645175,-0.426563171,-0.097984789,-0.036476165,0.15837765,0.005325508,-0.011033095,716,603,2,445,74,0,1.702383785,23.48876894,0,Miri_,25,0,0
466,0.075845745,-0.344738768,0.083475218,0.343627518,0.142091488,0.547227643,0.129948048,0.012364585,-0.004629827,1403,2648,216,0,318,4,488.8983935,2350.33254,118,MarTintamarre,25,118,0
467,-0.700175184,-0.208249148,0.040560024,-0.228550551,-0.069041515,-0.063187157,0.092976883,-0.012983448,0.003427617,1050,847,17,1147,68,4,0.08936429,16.15513747,0,SANA Ibrahim,25,0,0
468,-0.785335429,-0.297216173,-0.440405438,0.249712111,-0.01726326,-0.02285832,0.00912011,0.085739508,-0.043295283,1755,77,0,0,21,0,0.490184318,8.468420046,3,LordOfMaps,25,3,0
469,0.67914936,0.409486893,0.200382156,-0.263274979,-0.332037974,0.322487546,-0.638846058,0.30300833,0.222634784,960,14338,656,1229,1515,0,189.6956688,3437.453316,16,naomiangelia,25,16,0
470,-0.270189025,0.018372603,0.745874591,-0.670853105,-0.14323396,0.232031963,0.003722168,-0.142180003,-0.205374117,220,4609,1,0,641,0,235.364919,212.9195451,0,dygeza,25,0,0
471,-0.298933179,-0.017502482,-0.35986214,0.210201807,0.152126755,-0.336576488,0.103481243,-0.127609606,0.016757453,1615,2468,852,4863,353,64,49.56498092,198.171673,162,GOwin,25,162,0
472,-0.209544583,-0.252995922,-0.128022518,-0.015259923,0.196041279,0.004941947,0.074559619,-0.055745345,-0.154728031,1333,1333,88,2912,600,49,210.4994763,721.8308747,55,Sam AGBADONOU,25,55,0
473,-0.71212775,-0.27080116,-0.356273812,0.182376731,-0.027727813,-0.019708948,-0.002244238,0.061664829,-0.046479213,1645,624,2,338,97,1,19.00594127,76.82330201,9,jbelien,25,9,0
474,-0.192307728,0.110568311,0.85936578,-0.626332021,-0.069170677,0.134995747,-0.010786906,-0.043244613,0.004149995,163,5693,78,0,506,20,177.9884265,903.0237198,91,ThiyaSoha,25,91,0
475,0.763824887,1.160320176,-0.925631791,1.049334302,-0.471365538,0.35034659,-1.977440291,-0.1291284,0.167324726,2795,28628,329,123,1626,4,199.4520223,1226.835653,68,mahau,25,68,0
476,-0.78736673,-0.28932235,-0.325972283,0.142166125,-0.02537733,-0.020278973,0.044743244,0.073834518,-0.029707079,1591,6,0,58,0,0,0.145641749,25.78378341,0,ryanbank,25,0,0
477,-0.032768599,-0.611308199,-0.212992291,-0.487708035,-0.093146588,-0.430679445,0.253195622,-0.267269936,0.340375391,1038,45,2,12896,364,8,15.49086051,1631.630937,0,srividya_c,25,0,0
478,-0.740101986,-0.213846207,-0.676270624,0.426345272,-0.011223717,-0.013485203,0.050131454,0.10952104,-0.05854369,2032,223,536,6,61,6,7.799183797,34.83045939,2,fmoine,25,2,0
479,0.569776245,-1.079774876,-1.273678028,-0.123002304,-0.146988309,-0.949877195,0.206441186,-0.795552601,0.6347224,2060,0,16,27901,534,3,25.48278945,2174.313972,0,Rub21,25,0,0
480,-0.457887814,-0.180278965,0.513677436,-0.480174798,-0.064799453,0.178236213,0.175497247,-0.032422797,0.032969726,512,1855,30,403,128,0,153.0964427,793.6463224,10,lnseitz,25,10,0
481,-0.589536145,-0.078898403,0.273885239,-0.378142675,-0.139493915,-0.031796308,0.026352476,0.039639762,-0.022084254,777,2486,72,255,288,0,5.262495456,187.1742506,14,UncheckedError,25,14,0
482,-0.71342719,-0.248042236,-0.043977473,-0.0710923,-0.040414259,0.033395864,0.093825308,0.001526354,-0.017808813,1223,552,5,295,0,0,48.63500404,93.79991109,2,andrew_dc,25,2,0
483,1.621989397,1.679094325,0.279807256,-0.308083595,0.28464674,0.112431236,-0.986795224,-0.23819975,-0.088787155,820,25767,2489,4503,2597,209,443.1992736,2163.066508,184,tasauf1980,25,184,2
484,-0.64287528,-0.144852791,0.437420062,-0.568128845,-0.054748885,-0.034363605,0.201661441,0.012004021,-0.015852228,510,738,76,591,165,13,19.49424507,197.0068637,3,Anakil,25,3,0
485,0.316826808,0.801015186,0.184565963,-0.688531649,-0.072173629,-0.109182142,0.010377994,-0.001768129,-0.143479292,553,9698,2504,3338,1489,94,92.69608561,774.8385084,1,MalingaGIS,25,1,0
486,-0.534057138,-0.167053577,0.440189858,-0.105191905,-0.063763554,-0.235913774,0.168119503,0.015512102,-0.055201049,818,1042,52,848,260,3,38.92431347,145.0419249,232,Khahliso,25,232,0
487,1.099767619,2.356423518,0.709199323,-0.783518254,0.348089632,-0.053723532,-1.907248532,-0.320938304,0.260392581,294,35255,965,693,2065,269,87.27488912,695.1899121,103,Anjar Akrimullah,25,103,2
488,-0.512819622,-0.527639071,-1.295195299,1.234986932,0.180241957,0.288588835,-0.129250859,-0.000808525,-0.159588172,3087,68,6,335,44,0,280.2272108,511.3380208,25,Quinten Dengerink,25,25,0
489,0.713442159,0.363836559,0.355642021,-0.511010793,0.449719076,0.057341535,0.264088156,0.005930109,-0.059456614,562,6257,1815,4916,1388,150,377.0799999,2594.228494,127,manings,25,127,0
490,2.032171564,2.966882679,0.798067872,-0.615564248,-0.46468037,0.03987606,-2.168915868,-0.112026744,-0.061643488,284,43789,2969,16,3730,164,191.6685792,1487.464731,218,Alisha12,25,218,2
491,0.075042509,0.47477614,0.548349541,-0.721041975,-0.021965701,-0.06517159,-0.173138156,0.152352548,-0.274102703,345,7866,844,3,1497,71,86.4152677,679.4299447,46,ayushupreti22,25,46,0
492,-0.752599038,-0.230187724,-0.142287834,-0.023662168,-0.050727341,-0.015781794,0.078587199,0.064249198,-0.030906544,1332,375,83,2,50,1,3.16882759,45.21685702,0,Snorkle,25,0,0
493,-0.626625676,-0.295450563,-0.766554601,0.537141722,-0.019811583,-0.078297782,-0.081654392,0.015074077,-0.033737208,2194,1127,172,1823,131,1,29.67929824,73.06765812,32,kaxtillo,25,32,0
494,3.51308478,-0.229577961,1.064061422,0.313980586,0.905319165,2.914707168,0.458043457,-0.119497351,0.437629334,566,14867,2181,2768,1572,96,2200.653984,12398.01155,85,AMath,25,85,2